symbol,strategy,direction,entry_time,exit_time,entry_price,exit_price,r_achieved,exit_reason,setup_type,is_breakout_extension,bars_held,stages_done,leverage,stop_distance_pct,dynamic_threshold_active,drift_stop_tightened,soft_trim_done,soft_tighten_done,fee_interest_r_cost,net_r,dollar_pnl,dollar_running_total
ETH,conservative,long,2025-08-07 09:25:00,2025-08-09 21:25:00,3724.99,4269.11,5.520989829592838,max_hold_time,breakout,True,720,1,7.0,0.018534507439208932,False,False,False,False,0.17189558505666883,5.349094244536169,133.72735611340423,133.72735611340423
ETH,conservative,long,2025-08-10 19:25:00,2025-08-11 10:45:00,4242.77,4242.77,0.26664,stop,breakout,True,184,1,7.0,0.02212070651956175,False,False,False,False,0.09556656782777488,0.1710734321722251,4.276835804305628,138.00419191770985
ETH,conservative,long,2025-08-13 18:10:00,2025-08-14 01:20:00,4742.68,4724.91,-0.1341649914676533,basket_circuit_breaker,breakout,True,220,0,7.0,0.02792700724474081,False,False,False,False,0.05714898077023836,-0.19131397223789165,-4.782849305947291,133.22134261176257
ETH,conservative,long,2025-08-31 09:10:00,2025-08-31 23:30:00,4472.18,4393.890102289945,-1.0,stop,breakout,True,172,0,7.0,0.017505980910887956,False,False,False,False,0.08568500146524582,-1.085685001465246,-27.14212503663115,106.07921757513142
ETH,conservative,long,2025-09-03 17:25:00,2025-09-04 05:20:00,4480.0,4376.240895466702,-1.0,stop,breakout,True,143,0,7.0,0.023160514404754095,False,False,False,False,0.06226113871218701,-1.062261138712187,-26.556528467804675,79.52268910732676
ETH,conservative,short,2025-09-04 18:25:00,2025-09-05 07:25:00,4280.6,4373.4511003104,-1.0,stop,breakout,True,156,0,7.0,0.021691141501284743,False,False,False,False,0.06767739724131401,-1.067677397241314,-26.69193493103285,52.83075417629391
ETH,conservative,long,2025-09-10 08:55:00,2025-09-10 18:45:00,4332.41,4332.41,0.26664,stop,breakout,True,118,1,7.0,0.01314923368188206,False,False,False,False,0.1507312173431779,0.11590878265682208,2.897719566420552,55.72847374271446
ETH,conservative,long,2025-09-12 13:55:00,2025-09-15 01:55:00,4539.64,4618.15,1.205548305496941,max_hold_time,breakout,True,720,1,7.0,0.01228035262708056,False,False,False,False,0.25943880414103515,0.9461095013559058,23.652737533897643,79.3812112766121
ETH,conservative,short,2025-09-16 11:05:00,2025-09-16 17:15:00,4496.01,4496.01,0.26664,stop,breakout,True,74,1,7.0,0.010404391894146006,False,False,False,False,0.18203851020506565,0.08460148979493434,2.1150372448733585,81.49624852148547
ETH,conservative,short,2025-09-17 14:25:00,2025-09-17 22:25:00,4474.32,4549.809745616787,-1.0,stop,breakout,True,96,0,7.0,0.016871780654219487,False,False,False,False,0.07989672386256852,-1.0798967238625685,-26.997418096564214,54.49883042492125
ETH,conservative,short,2025-09-19 11:55:00,2025-09-21 23:55:00,4513.8,4444.97,0.9462164827661766,max_hold_time,breakout,True,720,1,7.0,0.014959861441119026,False,False,False,False,0.21296988695649852,0.7332465958096781,18.33116489524195,72.8299953201632
ETH,conservative,short,2025-09-23 02:25:00,2025-09-24 05:35:00,4159.01,4159.01,0.26664,stop,breakout,True,326,1,7.0,0.015520361816874585,False,False,False,False,0.15450670727229848,0.1121332927277015,2.803332318192538,75.63332763835574
ETH,conservative,short,2025-09-26 07:40:00,2025-09-26 17:35:00,3908.91,4026.8928699999997,-1.0,stop,breakout,True,119,0,7.0,0.030183061262602572,False,False,False,False,0.04618484479992738,-1.0461848447999273,-26.154621119998183,49.478706518357555
ETH,conservative,long,2025-09-28 00:25:00,2025-09-28 12:40:00,4029.45,3975.0734155027667,-1.0,stop,breakout,True,147,0,7.0,0.0134947907275765,False,False,False,False,0.10744886892072629,-1.1074488689207262,-27.686221723018157,21.792484795339398
ETH,conservative,long,2025-10-02 15:55:00,2025-10-03 08:15:00,4437.09,4437.09,0.26664,stop,breakout,True,196,1,7.0,0.018748382385752802,False,False,False,False,0.11403650491066902,0.15260349508933096,3.815087377233274,25.607572172572674
ETH,conservative,long,2025-10-03 10:55:00,2025-10-03 17:00:00,4489.56,4489.56,0.26664,stop,breakout,True,73,1,7.0,0.0146980995910513,False,False,False,False,0.1287241243862515,0.1379158756137485,3.447896890343712,29.055469062916387
ETH,conservative,long,2025-10-06 06:10:00,2025-10-07 15:05:00,4548.07,4548.07,0.26664,stop,breakout,True,395,1,7.0,0.016369004946353263,False,False,False,False,0.15492694933573087,0.11171305066426912,2.792826266606728,31.848295329523115
ETH,conservative,short,2025-10-10 05:10:00,2025-10-12 15:55:00,4334.38,4034.59,2.651901062398905,reversal,breakout,True,705,1,7.0,0.019332352031893943,False,False,False,False,0.1632496653688762,2.4886513970300292,62.21628492575073,94.06458025527384
ETH,conservative,long,2025-10-25 06:10:00,2025-10-27 18:10:00,3934.38,4230.82,3.2129216396890428,max_hold_time,breakout,True,720,1,7.0,0.017049698229874385,False,False,False,False,0.18686547744390625,3.0260561622451365,75.65140405612841,169.71598431140225
ETH,conservative,short,2025-10-29 10:55:00,2025-10-31 22:55:00,3989.07,3855.66,1.3853243435248823,max_hold_time,breakout,True,720,1,7.0,0.019931483386271653,False,False,False,False,0.15984761085040178,1.2254767326744807,30.636918316862015,200.35290262826427
ETH,conservative,long,2025-11-09 11:55:00,2025-11-11 15:55:00,3428.37,3481.1,0.7726096232482755,reversal,breakout,True,624,1,7.0,0.020266376022789107,False,False,False,False,0.14773238178514556,0.62487724146313,15.621931036578248,215.97483366484252
ETH,conservative,short,2025-11-20 15:55:00,2025-11-23 02:55:00,2955.68,2821.12,1.1563799453681678,reversal,breakout,True,708,1,7.0,0.0341134726694806,False,False,False,False,0.09269065130472229,1.0636892940634455,26.592232351586137,242.56706601642867
ETH,conservative,long,2025-11-27 19:40:00,2025-11-28 16:25:00,3035.88,3035.88,0.26664,stop,breakout,True,249,1,7.0,0.017486125933831337,False,False,False,False,0.1283303121852974,0.1383096878147026,3.457742195367565,246.02480821179623
ETH,conservative,short,2025-12-07 14:10:00,2025-12-07 15:55:00,3025.58,3025.58,0.26664,stop,breakout,True,21,1,7.0,0.011729324625361248,False,False,False,False,0.1524384444210855,0.11420155557891448,2.855038889472862,248.8798471012691
ETH,conservative,short,2025-12-11 14:25:00,2025-12-11 21:30:00,3186.01,3262.2151165254504,-1.0,stop,breakout,True,85,0,7.0,0.02391866834236245,False,False,False,False,0.05543786890725501,-1.055437868907255,-26.385946722681375,222.4939003785877
ETH,conservative,long,2025-12-20 03:25:00,2025-12-22 15:25:00,2990.23,3042.2,0.8759358219543045,max_hold_time,breakout,True,720,1,7.0,0.019017366557087474,False,False,False,False,0.1675310822051031,0.7084047397492015,17.710118493730036,240.20401887231776
ETH,conservative,short,2026-01-09 14:40:00,2026-01-09 15:25:00,3072.73,3129.060785334111,-1.0,stop,breakout,True,9,0,7.0,0.01833248783137834,False,False,False,False,0.06436660484128526,-1.0643666048412852,-26.60916512103213,213.59485375128563
ETH,conservative,long,2026-01-27 02:55:00,2026-01-29 04:20:00,2945.25,2945.25,0.26664,stop,breakout,True,593,1,7.0,0.02273947969286797,False,False,False,False,0.1289387461631145,0.1377012538368855,3.4425313459221374,217.03738509720776
ETH,conservative,short,2026-01-29 11:55:00,2026-01-31 23:55:00,2929.29,2451.95,6.165346429590889,max_hold_time,breakout,True,720,1,7.0,0.01841785851496858,False,False,False,False,0.1729842803065661,5.992362149284323,149.80905373210805,366.84643882931584
ETH,conservative,short,2026-02-24 01:10:00,2026-02-24 15:20:00,1845.7,1845.7,0.26664,stop,breakout,True,170,1,7.0,0.024503911385215932,False,False,False,False,0.08512926639371365,0.18151073360628633,4.537768340157158,371.38420716947303
ETH,conservative,long,2026-03-12 14:10:00,2026-03-14 06:30:00,2080.21,2080.21,0.26664,stop,breakout,True,484,1,7.0,0.022759721491209067,False,False,False,False,0.11924574740724667,0.14739425259275332,3.684856314818833,375.06906348429186
ETH,conservative,long,2026-03-15 08:55:00,2026-03-17 20:55:00,2112.93,2327.88,5.342701364538889,max_hold_time,breakout,True,720,1,7.0,0.013361522013968034,False,False,False,False,0.23844588937318517,5.104255475165703,127.60638687914259,502.67545036343444
ETH,conservative,long,2026-03-18 03:25:00,2026-03-18 11:25:00,2339.8,2301.696,-1.0,stop,breakout,True,96,0,7.0,0.01628515257714346,False,False,False,False,0.08277478479949554,-1.0827747847994955,-27.069369619987388,475.606080743447
ETH,conservative,short,2026-03-20 13:55:00,2026-03-23 01:55:00,2127.39,2047.69,1.295871887909458,max_hold_time,breakout,True,720,1,7.0,0.02426768951626188,False,False,False,False,0.13128567504809424,1.1645862128613638,29.114655321534094,504.7207360649811
ETH,conservative,long,2026-03-25 00:40:00,2026-03-26 06:55:00,2165.13,2121.86,-0.8076711712428533,reversal,breakout,True,363,0,7.0,0.024743910490988317,False,False,False,False,0.07605911768414376,-0.883730288926997,-22.093257223174927,482.6274788418062
ETH,conservative,short,2026-04-02 13:40:00,2026-04-02 14:40:00,2020.33,2066.869569271709,-1.0,stop,breakout,True,12,0,7.0,0.02303562748249509,False,False,False,False,0.05122499922768282,-1.0512249992276828,-26.280624980692068,456.34685386111414
ETH,conservative,short,2026-04-03 00:40:00,2026-04-05 12:40:00,2053.41,2025.03,0.9858586756394694,max_hold_time,breakout,True,720,1,7.0,0.012811683979331938,False,False,False,False,0.24867925287102915,0.7371794227684403,18.429485569211007,474.77633943032515
ETH,conservative,short,2026-04-13 07:25:00,2026-04-13 14:40:00,2184.44,2219.3095504945863,-1.0,stop,breakout,True,87,0,7.0,0.015962695470961113,False,False,False,False,0.08331926161339723,-1.0833192616133973,-27.082981540334934,447.69335788999024
ETH,conservative,long,2026-04-14 13:55:00,2026-04-14 15:00:00,2391.5,2352.40524,-1.0,stop,breakout,True,13,0,7.0,0.01634738030524773,False,False,False,False,0.07230516314718402,-1.072305163147184,-26.8076290786796,420.8857288113106
ETH,conservative,long,2026-04-15 15:10:00,2026-04-16 13:50:00,2347.42,2306.1915,-1.0,stop,breakout,True,272,0,7.0,0.017563324841741217,False,False,False,False,0.09679260705579838,-1.0967926070557983,-27.419815176394955,393.4659136349157
ETH,conservative,short,2026-04-19 01:25:00,2026-04-21 13:25:00,2344.35,2307.78,1.0017859695330626,max_hold_time,breakout,True,720,1,7.0,0.014146838142768813,False,False,False,False,0.22520933425880263,0.77657663527426,19.4144158818565,412.8803295167722
ETH,conservative,long,2026-04-22 21:40:00,2026-04-22 23:30:00,2406.05,2380.617,-1.0,stop,breakout,True,22,0,7.0,0.010570437023337001,False,False,False,False,0.11352416152243153,-1.1135241615224316,-27.83810403806079,385.0422254787114
ETH,conservative,long,2026-05-02 09:25:00,2026-05-03 01:35:00,2305.7,2305.7,0.26664,stop,breakout,True,194,1,7.0,0.01107133719571689,False,False,False,False,0.1927499779182563,0.0738900220817437,1.8472505520435925,386.88947603075496
ETH,conservative,short,2026-05-12 06:40:00,2026-05-13 04:50:00,2306.61,2306.61,0.26664,stop,breakout,True,266,1,7.0,0.014083743023990323,False,False,False,False,0.1617467740017439,0.1048932259982561,2.6223306499564023,389.51180668071135
ETH,conservative,short,2026-05-14 11:40:00,2026-05-14 14:45:00,2254.15,2277.4752,-1.0,stop,breakout,True,37,0,7.0,0.010347669853381437,False,False,False,False,0.11886734090168692,-1.118867340901687,-27.971683522542172,361.5401231581692
ETH,conservative,short,2026-05-15 12:10:00,2026-05-18 00:10:00,2251.85,2120.78,2.61574972898841,max_hold_time,breakout,True,720,1,7.0,0.016519275381476763,False,False,False,False,0.19286560254165236,2.4228841264467578,60.57210316116895,422.11222631933816
ETH,conservative,short,2026-06-10 05:10:00,2026-06-10 13:40:00,1622.48,1662.479072143136,-1.0,stop,breakout,True,102,0,7.0,0.024653044809881102,False,False,False,False,0.055165599644507325,-1.0551655996445073,-26.379139991112684,395.73308632822545
ETH,conservative,long,2026-06-11 11:10:00,2026-06-12 06:15:00,1662.43,1662.43,0.26664,stop,breakout,True,229,1,7.0,0.022273283633717403,False,False,False,False,0.09895263025625797,0.16768736974374202,4.192184243593551,399.925270571819
ETH,conservative,short,2026-06-19 12:40:00,2026-06-20 05:10:00,1686.5,1718.4671896510638,-1.0,stop,breakout,True,198,0,7.0,0.018954752238994243,False,False,False,False,0.08187920266281204,-1.0818792026628121,-27.046980066570303,372.8782905052487
ETH,conservative,long,2026-06-20 21:40:00,2026-06-21 21:05:00,1736.35,1709.4370179555633,-1.0,stop,breakout,True,281,0,7.0,0.01549974489269825,False,False,False,False,0.11084053395029295,-1.110840533950293,-27.77101334875732,345.10727715649136
ETH,conservative,short,2026-07-09 02:40:00,2026-07-10 01:45:00,1726.71,1760.1872437830511,-1.0,stop,breakout,True,277,0,7.0,0.019387878556938402,False,False,False,False,0.08819943837475899,-1.088199438374759,-27.204985959368976,317.9022911971224
ETH,conservative,long,2026-07-10 05:55:00,2026-07-12 17:55:00,1779.04,1818.5,1.1744737084181667,max_hold_time,breakout,True,720,1,7.0,0.01628904108986583,False,False,False,False,0.19559162398958885,0.9788820844285778,24.472052110714447,342.37434330783685
ETH,conservative,long,2026-07-15 05:55:00,2026-07-16 08:15:00,1882.68,1882.68,0.26664,stop,breakout,True,316,1,7.0,0.012737459366435186,False,False,False,False,0.18669343167965902,0.07994656832034097,1.9986642080085244,344.37300751584536
ETH,conservative,short,2026-07-24 11:40:00,2026-07-26 00:20:00,1878.9,1878.9,0.26664,stop,breakout,True,440,1,7.0,0.015690758468828475,False,False,False,False,0.16735965984161033,0.09928034015838966,2.4820085039597415,346.8550160198051
ETH,conservative,short,2026-07-28 11:25:00,2026-07-28 15:20:00,1874.61,1906.56119196166,-1.0,stop,breakout,True,47,0,7.0,0.017044180902513067,False,False,False,False,0.07333881323775991,-1.07333881323776,-26.833470330944,320.02154568886107
