symbol,strategy,direction,entry_time,exit_time,entry_price,exit_price,r_achieved,exit_reason,setup_type,is_breakout_extension,bars_held,stages_done,leverage,stop_distance_pct,fee_interest_r_cost,net_r,dollar_pnl,dollar_running_total,coin
DOGE,conservative,long,2025-08-13 22:40:00,2025-08-14 06:15:00,0.24522,0.24522,0.26664,stop,breakout,True,91,1,7.0,0.035898445784451935,0.05370706051109992,0.21293293948890007,5.323323487222502,5.323323487222502,DOGE
DOGE,conservative,long,2025-09-10 08:10:00,2025-09-10 19:10:00,0.24219,0.24219,0.26664,stop,breakout,True,132,1,7.0,0.02579041248606462,0.07793593844557806,0.18870406155442193,4.717601538860548,10.04092502608305,DOGE
DOGE,conservative,long,2025-09-12 13:25:00,2025-09-14 01:25:00,0.26251,0.28368,3.596577265986065,max_hold_time,breakout,True,432,1,7.0,0.016146165860348245,0.16164828372100637,3.434928982265059,85.87322455662647,95.91414958270951,DOGE
DOGE,conservative,short,2025-09-20 02:10:00,2025-09-21 14:10:00,0.26372,0.26742,-0.5133776667870378,max_hold_time,breakout,True,432,0,7.0,0.027328870653393945,0.07391450695563734,-0.5872921737426751,-14.682304343566877,81.23184523914264,DOGE
DOGE,conservative,short,2025-09-21 16:10:00,2025-09-23 04:10:00,0.26533,0.23989,3.9620956447659434,max_hold_time,breakout,True,432,1,7.0,0.017297893189612938,0.1508854269933437,3.8112102177726,95.280255444315,176.51210068345765,DOGE
DOGE,conservative,short,2025-09-28 08:25:00,2025-09-28 17:10:00,0.22741,0.23118310677600135,-1.0,stop,breakout,True,105,0,7.0,0.01659164845873684,0.08233057754310669,-1.0823305775431067,-27.058264438577666,149.45383624488,DOGE
DOGE,conservative,short,2025-09-30 14:25:00,2025-09-30 20:50:00,0.2281,0.23340852479257101,-1.0,stop,breakout,True,77,0,7.0,0.023272796109473994,0.05628889600707323,-1.0562888960070733,-26.407222400176835,123.04661384470316,DOGE
DOGE,conservative,long,2025-10-01 23:25:00,2025-10-03 11:25:00,0.24728,0.25569,1.2272676452139504,max_hold_time,breakout,True,432,1,7.0,0.02360382456733715,0.11057530073375077,1.1166923444801995,27.917308612004987,150.96392245670813,DOGE
DOGE,conservative,short,2025-10-22 10:55:00,2025-10-23 10:15:00,0.19005,0.19544525000000001,-1.0,stop,breakout,True,280,0,7.0,0.02838858195211796,0.0604468374959453,-1.0604468374959453,-26.51117093739863,124.4527515193095,DOGE
DOGE,conservative,long,2025-10-25 00:40:00,2025-10-26 12:40:00,0.19837,0.20153,0.8058279881826769,max_hold_time,breakout,True,432,1,7.0,0.019697056734152795,0.13250710678385325,0.6733208813988236,16.83302203497059,141.2857735542801,DOGE
DOGE,conservative,short,2025-10-28 05:55:00,2025-10-29 17:55:00,0.19839,0.19605,0.5990229883687038,max_hold_time,breakout,True,432,1,7.0,0.023658529472407732,0.11031962079654901,0.4887033675721548,12.21758418930387,153.50335774358396,DOGE
DOGE,conservative,short,2025-11-19 15:40:00,2025-11-20 01:35:00,0.15605,0.15605,0.26664,stop,breakout,True,119,1,7.0,0.02927846120864853,0.06776312408843224,0.19887687591156775,4.971921897789193,158.47527964137316,DOGE
DOGE,conservative,short,2025-11-29 06:25:00,2025-11-30 18:25:00,0.14925,0.14966,-0.11974182382846979,max_hold_time,breakout,True,432,0,7.0,0.02294159708684622,0.0880496676998214,-0.20779149152829118,-5.194787288207279,153.2804923531659,DOGE
DOGE,conservative,short,2025-12-24 02:25:00,2025-12-24 16:30:00,0.12897,0.12897,0.26664,stop,breakout,True,169,1,7.0,0.019860432658757785,0.10493225579761103,0.16170774420238895,4.042693605059724,157.32318595822562,DOGE
DOGE,conservative,short,2026-01-16 02:10:00,2026-01-17 14:10:00,0.13935,0.13788,0.5540686682436538,max_hold_time,breakout,True,432,1,7.0,0.024468690865995665,0.106666924450263,0.44740174379339076,11.185043594834768,168.5082295530604,DOGE
DOGE,conservative,short,2026-01-25 06:10:00,2026-01-26 15:10:00,0.12301,0.12301,0.26664,stop,breakout,True,396,1,7.0,0.011411482912393838,0.22240755381962818,0.04423244618037181,1.1058111545092952,169.6140407075697,DOGE
DOGE,conservative,short,2026-01-31 04:40:00,2026-02-01 16:40:00,0.11493,0.10352,2.4240303301970103,max_hold_time,breakout,True,432,1,7.0,0.03067990178810699,0.08507198028292784,2.3389583499140825,58.47395874785206,228.08799945542177,DOGE
DOGE,conservative,short,2026-02-17 10:25:00,2026-02-17 16:00:00,0.09869,0.1015014,-1.0,stop,breakout,True,67,0,7.0,0.028487182085317718,0.045283524222807056,-1.0452835242228071,-26.13208810557018,201.9559113498516,DOGE
DOGE,conservative,short,2026-03-02 12:40:00,2026-03-02 15:05:00,0.09141,0.0943059778406384,-1.0,stop,breakout,True,29,0,7.0,0.031681192874285086,0.03831926420249714,-1.0383192642024972,-25.95798160506243,175.99792974478916,DOGE
DOGE,conservative,short,2026-03-03 07:40:00,2026-03-03 16:05:00,0.09139,0.09139,0.26664,stop,breakout,True,101,1,7.0,0.032515782981370756,0.059909367740462106,0.2067306322595379,5.1682658064884475,181.1661955512776,DOGE
DOGE,conservative,short,2026-03-07 08:55:00,2026-03-08 10:20:00,0.09042,0.09042,0.26664,stop,breakout,True,305,1,7.0,0.019283593372225384,0.1221763991037792,0.1444636008962208,3.6115900224055197,184.77778557368313,DOGE
DOGE,conservative,short,2026-03-19 05:25:00,2026-03-20 01:35:00,0.09444,0.09444,0.26664,stop,breakout,True,242,1,7.0,0.01350720033883953,0.16509712923911443,0.10154287076088556,2.538571769022139,187.31635734270526,DOGE
DOGE,conservative,short,2026-03-20 13:55:00,2026-03-22 01:55:00,0.09341,0.09148,0.8807112318830232,max_hold_time,breakout,True,432,1,7.0,0.022432394818541826,0.11634959268114639,0.7643616392018768,19.10904098004692,206.4253983227522,DOGE
DOGE,conservative,short,2026-03-23 08:55:00,2026-03-23 11:05:00,0.08988,0.09158149,-1.0,stop,breakout,True,26,0,7.0,0.018930685358255452,0.06381174147364957,-1.0638117414736497,-26.59529353684124,179.83010478591095,DOGE
DOGE,conservative,long,2026-03-25 00:40:00,2026-03-26 02:15:00,0.09529,0.09529,0.26664,stop,breakout,True,307,1,7.0,0.02395309098542913,0.09852590638242088,0.16811409361757912,4.2028523404394775,184.03295712635042,DOGE
DOGE,conservative,short,2026-03-29 13:10:00,2026-03-29 23:20:00,0.09037,0.09037,0.26664,stop,breakout,True,122,1,7.0,0.01562122385747475,0.1273907869291423,0.1392492130708577,3.4812303267714424,187.51418745312188,DOGE
DOGE,conservative,short,2026-04-05 12:25:00,2026-04-05 22:45:00,0.09011,0.09115293419223099,-1.0,stop,breakout,True,124,0,7.0,0.011574011677183336,0.12130625397309769,-1.1213062539730978,-28.032656349327446,159.48153110379442,DOGE
DOGE,conservative,long,2026-04-10 14:10:00,2026-04-11 05:10:00,0.09321,0.09321,0.26664,stop,breakout,True,180,1,7.0,0.014825877051818419,0.14204893192080636,0.12459106807919362,3.1147767019798405,162.59630780577427,DOGE
DOGE,conservative,short,2026-04-19 02:25:00,2026-04-20 04:45:00,0.09445,0.09445,0.26664,stop,breakout,True,316,1,7.0,0.019411008559779817,0.12250780234713235,0.14413219765286764,3.603304941321691,166.19961274709596,DOGE
DOGE,conservative,short,2026-04-21 19:40:00,2026-04-22 02:10:00,0.09369,0.09536575946525627,-1.0,stop,breakout,True,78,0,7.0,0.017886214806876688,0.07335257985918726,-1.0733525798591872,-26.83381449647968,139.36579825061628,DOGE
DOGE,conservative,long,2026-04-26 11:10:00,2026-04-27 05:20:00,0.09873,0.09873,0.26664,stop,breakout,True,218,1,7.0,0.011824688961985005,0.18452916664572536,0.08211083335427463,2.052770833856866,141.41856908447315,DOGE
DOGE,conservative,long,2026-05-03 20:25:00,2026-05-05 08:25:00,0.10889,0.11149,1.433647510408955,max_hold_time,breakout,True,432,1,7.0,0.013640872646092662,0.19133673245953348,1.2423107779494216,31.057769448735538,172.4763385332087,DOGE
DOGE,conservative,long,2026-05-11 17:40:00,2026-05-12 13:55:00,0.11169,0.10862717328553528,-1.0,stop,breakout,True,243,0,7.0,0.027422568846492204,0.059877687214195424,-1.0598776872141955,-26.49694218035489,145.9793963528538,DOGE
DOGE,conservative,short,2026-05-19 22:10:00,2026-05-21 03:20:00,0.10315,0.10532587100929638,-1.0,stop,breakout,True,350,0,7.0,0.02109424148615006,0.08798609806465912,-1.0879860980646592,-27.19965245161648,118.77974390123731,DOGE
DOGE,conservative,short,2026-05-24 20:25:00,2026-05-25 16:45:00,0.10182,0.10360160699459213,-1.0,stop,breakout,True,244,0,7.0,0.017497613382362366,0.09395567064346934,-1.0939556706434694,-27.348891766086737,91.43085213515057,DOGE
DOGE,conservative,short,2026-05-28 13:40:00,2026-05-28 17:05:00,0.09741,0.09964373540435523,-1.0,stop,breakout,True,41,0,7.0,0.0229312740412199,0.05398740592322278,-1.0539874059232228,-26.34968514808057,65.08116698707,DOGE
DOGE,conservative,short,2026-06-03 15:40:00,2026-06-05 03:40:00,0.09314,0.08627,2.6710227921992677,max_hold_time,breakout,True,432,1,7.0,0.020452544556581517,0.1276124832672772,2.5434103089319904,63.58525772329976,128.66642471036977,DOGE
DOGE,conservative,short,2026-06-05 05:40:00,2026-06-06 17:40:00,0.08534,0.08091,1.1376735412875116,max_hold_time,breakout,True,432,1,7.0,0.03973257061514767,0.06568918042783173,1.07198436085968,26.799609021492,155.46603373186176,DOGE
DOGE,conservative,long,2026-06-11 17:30:00,2026-06-12 23:10:00,0.08614,0.08614,0.26664,stop,breakout,True,356,1,7.0,0.021504816041016426,0.1142999779822261,0.15234002201777389,3.808500550444347,159.2745342823061,DOGE
DOGE,conservative,short,2026-06-17 07:25:00,2026-06-17 15:35:00,0.08679,0.08679,0.26664,stop,breakout,True,98,1,7.0,0.016339670468947975,0.11885184610611277,0.14778815389388722,3.6947038473471805,162.96923812965326,DOGE
DOGE,conservative,short,2026-06-24 09:25:00,2026-06-25 21:25:00,0.07881,0.07431,3.045045460219855,max_hold_time,breakout,True,432,1,7.0,0.013701433828194397,0.1904910123077207,2.8545544479121343,71.36386119780336,234.33309932745664,DOGE
DOGE,conservative,long,2026-07-03 07:55:00,2026-07-04 19:55:00,0.0753,0.07857,1.7489537914150528,max_hold_time,breakout,True,432,1,7.0,0.01953183659536318,0.13362798665946288,1.6153258047555898,40.38314511888974,274.71624444634637,DOGE
DOGE,conservative,short,2026-07-07 10:55:00,2026-07-08 22:55:00,0.07465,0.07245,1.1305131282817027,max_hold_time,breakout,True,432,1,7.0,0.022744341046139396,0.11475381918980762,1.015759309091895,25.393982727297377,300.11022717364375,DOGE
DOGE,conservative,short,2026-07-09 12:40:00,2026-07-09 18:10:00,0.07225,0.0732732,-1.0,stop,breakout,True,66,0,7.0,0.014161937716263003,0.09094800625488646,-1.0909480062548864,-27.27370015637216,272.8365270172716,DOGE
DOGE,conservative,long,2026-07-10 08:25:00,2026-07-11 20:25:00,0.07433,0.07525,0.7771959271640255,max_hold_time,breakout,True,432,1,7.0,0.01616258520128668,0.16148406752356806,0.6157118596404575,15.392796491011437,288.229323508283,DOGE
DOGE,conservative,short,2026-07-28 13:25:00,2026-07-28 16:50:00,0.06987,0.07106197255123971,-1.0,stop,breakout,True,41,0,7.0,0.017059861904103423,0.07256799656169684,-1.0725679965616968,-26.81419991404242,261.4151235942406,DOGE
DOGE,conservative,short,2026-07-31 07:10:00,2026-07-31 17:20:00,0.06979,0.06979,0.26664,stop,breakout,True,122,1,7.0,0.01597583468388579,0.12456313171588065,0.14207686828411933,3.5519217071029834,264.96704530134355,DOGE
