symbol,strategy,direction,entry_time,exit_time,entry_price,exit_price,r_achieved,exit_reason,setup_type,is_breakout_extension,bars_held,stages_done,leverage,stop_distance_pct,dynamic_threshold_active,drift_stop_tightened,soft_trim_done,soft_tighten_done,fee_interest_r_cost,net_r,dollar_pnl,dollar_running_total,coin,use_adverse_drift,dynamic_threshold_enabled,drift_stop_tighten_enabled,obv_confirmation_bonus,soft_exit_enabled
DOGE,conservative,long,2025-08-13 22:40:00,2025-08-14 06:15:00,0.24522,0.24522,0.26664,stop,breakout,True,91,1,7.0,0.035898445784451935,False,False,False,False,0.05370706051109992,0.21293293948890007,5.323323487222502,5.323323487222502,DOGE,False,False,False,8.0,False
DOGE,conservative,long,2025-09-07 07:40:00,2025-09-09 02:25:00,0.21754,0.23581,3.9588773522081073,reversal,breakout,True,513,1,7.0,0.015164924999955604,False,False,False,False,0.18279022151498375,3.7760871306931234,94.40217826732808,99.72550175455058,DOGE,False,False,False,8.0,False
DOGE,conservative,long,2025-09-10 08:10:00,2025-09-10 19:10:00,0.24219,0.24219,0.26664,stop,breakout,True,132,1,7.0,0.02579041248606462,False,False,False,False,0.07793593844557806,0.18870406155442193,4.717601538860548,104.44310329341113,DOGE,False,False,False,8.0,False
DOGE,conservative,long,2025-09-12 13:25:00,2025-09-13 18:10:00,0.26251,0.28597,3.9567830448763894,reversal,breakout,True,345,1,7.0,0.016146165860348245,False,False,False,False,0.15087173147293928,3.8059113134034503,95.14778283508626,199.5908861284974,DOGE,False,False,False,8.0,False
DOGE,conservative,short,2025-09-20 02:10:00,2025-09-20 15:25:00,0.26372,0.26904,-0.7381539493068762,reversal,breakout,True,159,0,7.0,0.02732886639943668,False,False,False,False,0.053935643669083294,-0.7920895929759595,-19.80223982439899,179.78864630409842,DOGE,False,False,False,8.0,False
DOGE,conservative,short,2025-09-21 16:10:00,2025-09-23 00:25:00,0.26533,0.24262,3.5655314187356346,reversal,breakout,True,387,1,7.0,0.017297893189612938,False,False,False,False,0.14568248123495253,3.419848937500682,85.49622343751705,265.28486974161547,DOGE,False,False,False,8.0,False
DOGE,conservative,short,2025-09-23 02:40:00,2025-09-23 06:55:00,0.23712,0.24261,-0.8627680238369098,reversal,breakout,True,51,0,7.0,0.02683552631578956,False,False,False,False,0.04687815641088487,-0.9096461802477946,-22.741154506194867,242.5437152354206,DOGE,False,False,False,8.0,False
DOGE,conservative,short,2025-09-28 08:25:00,2025-09-28 15:25:00,0.22741,0.22957,-0.5724723818371513,reversal,breakout,True,84,0,7.0,0.01659165289098652,False,False,False,False,0.07979916218710605,-0.6522715440242574,-16.306788600606435,226.23692663481415,DOGE,False,False,False,8.0,False
DOGE,conservative,short,2025-09-30 14:25:00,2025-09-30 19:55:00,0.2281,0.2326,-0.8476931273779168,reversal,breakout,True,66,0,7.0,0.023272796196474276,False,False,False,False,0.0553435860962477,-0.9030367134741645,-22.575917836854114,203.66100879796005,DOGE,False,False,False,8.0,False
DOGE,conservative,long,2025-10-01 23:25:00,2025-10-02 14:55:00,0.24728,0.2516,0.7600896346402224,reversal,breakout,True,186,1,7.0,0.02360382456733715,False,False,False,False,0.08973122105520466,0.6703584135850177,16.758960339625443,220.4199691375855,DOGE,False,False,False,8.0,False
DOGE,conservative,short,2025-10-22 10:55:00,2025-10-23 06:20:00,0.19005,0.19366,-0.6691070849358213,reversal,breakout,True,233,0,7.0,0.02838858195211796,False,False,False,False,0.057135647096983266,-0.7262427320328045,-18.156068300820113,202.26390083676537,DOGE,False,False,False,8.0,False
DOGE,conservative,long,2025-10-25 00:40:00,2025-10-27 00:40:00,0.19837,0.20797,1.9046794577701591,max_hold_time,breakout,True,576,1,7.0,0.019697056734152795,False,False,False,False,0.14712858063586462,1.7575508771342945,43.93877192835736,246.20267276512274,DOGE,False,False,False,8.0,False
DOGE,conservative,short,2025-10-28 05:55:00,2025-10-29 13:05:00,0.19839,0.1969,0.47839986023358516,reversal,breakout,True,374,1,7.0,0.02364576148097522,False,False,False,False,0.10547344825442011,0.37292641197916504,9.323160299479126,255.52583306460187,DOGE,False,False,False,8.0,False
DOGE,conservative,short,2025-11-19 15:40:00,2025-11-20 01:25:00,0.15605,0.15536,0.3673256390263383,reversal,breakout,True,117,1,7.0,0.029278460829134212,False,False,False,False,0.06762650576323176,0.29969913326310654,7.492478331577663,263.0183113961795,DOGE,False,False,False,8.0,False
DOGE,conservative,short,2025-11-29 06:25:00,2025-12-01 06:25:00,0.14925,0.13683,2.684960479890985,max_hold_time,breakout,True,576,1,7.0,0.02294160813893493,False,False,False,False,0.12632070003330378,2.558639779857681,63.96599449644202,326.98430589262153,DOGE,False,False,False,8.0,False
DOGE,conservative,short,2025-12-24 02:25:00,2025-12-24 16:30:00,0.12897,0.12897,0.26664,stop,breakout,True,169,1,7.0,0.019860432658757785,False,False,False,False,0.10493225579761103,0.16170774420238895,4.042693605059724,331.02699949768123,DOGE,False,False,False,8.0,False
DOGE,conservative,short,2026-01-16 02:10:00,2026-01-17 15:55:00,0.13935,0.13953,0.2314409727804544,reversal,breakout,True,453,1,7.0,0.024466132643944413,False,False,False,False,0.10839473645445119,0.1230462363260032,3.07615590815008,334.10315540583133,DOGE,False,False,False,8.0,False
DOGE,conservative,short,2026-01-25 06:10:00,2026-01-26 01:40:00,0.12301,0.12225,0.627602050148769,reversal,breakout,True,234,1,7.0,0.011411482912393838,False,False,False,False,0.1940151001405267,0.4335869500082423,10.839673750206059,344.94282915603736,DOGE,False,False,False,8.0,False
DOGE,conservative,short,2026-01-31 04:40:00,2026-02-01 08:40:00,0.11493,0.10651,1.8586843979192675,reversal,breakout,True,336,1,7.0,0.03067990178810699,False,False,False,False,0.07881381161843659,1.7798705863008308,44.49676465752077,389.43959381355813,DOGE,False,False,False,8.0,False
DOGE,conservative,short,2026-02-17 10:25:00,2026-02-17 16:00:00,0.09869,0.1015014,-1.0,stop,breakout,True,67,0,7.0,0.028487182085317718,False,False,False,False,0.045283524222807056,-1.0452835242228071,-26.13208810557018,363.30750570798796,DOGE,False,False,False,8.0,False
DOGE,conservative,short,2026-03-02 12:40:00,2026-03-02 15:05:00,0.09141,0.09430597777105425,-1.0,stop,breakout,True,29,0,7.0,0.03168119211305374,False,False,False,False,0.03831926512322718,-1.0383192651232271,-25.957981628080677,337.34952407990727,DOGE,False,False,False,8.0,False
DOGE,conservative,short,2026-03-03 07:40:00,2026-03-03 16:05:00,0.09139,0.09139,0.26664,stop,breakout,True,101,1,7.0,0.032515782795118055,False,False,False,False,0.05990936808362721,0.20673063191637278,5.16826579790932,342.5177898778166,DOGE,False,False,False,8.0,False
DOGE,conservative,short,2026-03-07 08:55:00,2026-03-08 10:20:00,0.09042,0.09042,0.26664,stop,breakout,True,305,1,7.0,0.019283286076721737,False,False,False,False,0.12217834608822714,0.14446165391177285,3.6115413477943212,346.12933122561094,DOGE,False,False,False,8.0,False
DOGE,conservative,short,2026-03-19 05:25:00,2026-03-20 01:35:00,0.09444,0.09444,0.26664,stop,breakout,True,242,1,7.0,0.01350720033883953,False,False,False,False,0.16509712923911443,0.10154287076088556,2.538571769022139,348.6679029946331,DOGE,False,False,False,8.0,False
DOGE,conservative,short,2026-03-20 13:55:00,2026-03-22 13:55:00,0.09341,0.09138,0.9125283941567559,max_hold_time,breakout,True,576,1,7.0,0.022432394818541826,False,False,False,False,0.12918816842527286,0.783340225731483,19.583505643287076,368.2514086379202,DOGE,False,False,False,8.0,False
DOGE,conservative,short,2026-03-23 08:55:00,2026-03-23 11:05:00,0.08988,0.09158149,-1.0,stop,breakout,True,26,0,7.0,0.018930685358255452,False,False,False,False,0.06381174147364957,-1.0638117414736497,-26.59529353684124,341.65611510107897,DOGE,False,False,False,8.0,False
DOGE,conservative,long,2026-03-25 00:40:00,2026-03-26 02:15:00,0.09529,0.09529,0.26664,stop,breakout,True,307,1,7.0,0.024004882329689285,False,False,False,False,0.09831333341222621,0.1683266665877738,4.208166664694344,345.8642817657733,DOGE,False,False,False,8.0,False
DOGE,conservative,short,2026-03-29 13:10:00,2026-03-29 23:20:00,0.09037,0.09037,0.26664,stop,breakout,True,122,1,7.0,0.01562122385747475,False,False,False,False,0.1273907869291423,0.1392492130708577,3.4812303267714424,349.3455120925447,DOGE,False,False,False,8.0,False
DOGE,conservative,short,2026-04-05 12:25:00,2026-04-05 22:45:00,0.09011,0.0911529385114341,-1.0,stop,breakout,True,124,0,7.0,0.011574059609744874,False,False,False,False,0.12130575159798648,-1.1213057515979865,-28.032643789949663,321.31286830259506,DOGE,False,False,False,8.0,False
DOGE,conservative,long,2026-04-10 14:10:00,2026-04-11 05:10:00,0.09321,0.09321,0.26664,stop,breakout,True,180,1,7.0,0.014825877051818419,False,False,False,False,0.14204893192080636,0.12459106807919362,3.1147767019798405,324.4276450045749,DOGE,False,False,False,8.0,False
DOGE,conservative,short,2026-04-19 02:25:00,2026-04-19 14:45:00,0.09445,0.09603,-0.8618010574675731,reversal,breakout,True,148,0,7.0,0.019411008601801522,False,False,False,False,0.07480291363454658,-0.9366039711021197,-23.415099277552994,301.0125457270219,DOGE,False,False,False,8.0,False
DOGE,conservative,short,2026-04-21 19:40:00,2026-04-22 02:10:00,0.09369,0.09536575946525627,-1.0,stop,breakout,True,78,0,7.0,0.017886214806876688,False,False,False,False,0.07335257985918726,-1.0733525798591872,-26.83381449647968,274.1787312305422,DOGE,False,False,False,8.0,False
DOGE,conservative,long,2026-04-26 11:10:00,2026-04-27 05:20:00,0.09873,0.09873,0.26664,stop,breakout,True,218,1,7.0,0.011824688961985005,False,False,False,False,0.18452916664572536,0.08211083335427463,2.052770833856866,276.2315020643991,DOGE,False,False,False,8.0,False
DOGE,conservative,long,2026-05-03 20:25:00,2026-05-04 10:25:00,0.10889,0.10945,0.5179949756923979,reversal,breakout,True,168,1,7.0,0.013640899134313749,False,False,False,False,0.15262923503060868,0.3653657406617893,9.134143516544732,285.3656455809438,DOGE,False,False,False,8.0,False
DOGE,conservative,long,2026-05-05 05:25:00,2026-05-06 13:40:00,0.11174,0.11393,0.9185718095561265,reversal,breakout,True,387,1,7.0,0.02004304635761592,False,False,False,False,0.12572939038493292,0.7928424191711936,19.82106047927984,305.1867060602236,DOGE,False,False,False,8.0,False
DOGE,conservative,long,2026-05-11 17:40:00,2026-05-12 11:15:00,0.11169,0.1087,-0.9762223849880944,reversal,breakout,True,211,0,7.0,0.027422568846492204,False,False,False,False,0.05754384313276515,-1.0337662281208595,-25.84415570302149,279.34255035720213,DOGE,False,False,False,8.0,False
DOGE,conservative,short,2026-05-19 22:10:00,2026-05-21 02:25:00,0.10315,0.10509,-0.8915953264847682,reversal,breakout,True,339,0,7.0,0.021094280380932997,False,False,False,False,0.08694299909172262,-0.9785383255764909,-24.46345813941227,254.87909221778986,DOGE,False,False,False,8.0,False
DOGE,conservative,short,2026-05-24 20:25:00,2026-05-25 16:45:00,0.10182,0.10360080854957833,-1.0,stop,breakout,True,244,0,7.0,0.01748977165172202,False,False,False,False,0.09399779669725612,-1.093997796697256,-27.3499449174314,227.52914730035846,DOGE,False,False,False,8.0,False
DOGE,conservative,short,2026-05-28 13:40:00,2026-05-28 17:05:00,0.09741,0.09964373431024146,-1.0,stop,breakout,True,41,0,7.0,0.022931262809172147,False,False,False,False,0.05398743236699635,-1.0539874323669964,-26.34968580917491,201.17946149118356,DOGE,False,False,False,8.0,False
DOGE,conservative,long,2026-05-30 16:10:00,2026-05-31 14:15:00,0.10158,0.10000933665189161,-1.0,stop,breakout,True,265,0,7.0,0.015462328687816393,False,False,False,False,0.10903920321707368,-1.1090392032170737,-27.725980080426844,173.45348141075672,DOGE,False,False,False,8.0,False
DOGE,conservative,short,2026-06-03 15:40:00,2026-06-05 15:40:00,0.09314,0.08159,4.3089429475839225,max_hold_time,breakout,True,576,1,7.0,0.020452544556581517,False,False,False,False,0.1416938607312526,4.16724908685267,104.18122717131675,277.6347085820735,DOGE,False,False,False,8.0,False
DOGE,conservative,long,2026-06-11 17:30:00,2026-06-12 22:10:00,0.08614,0.08652,0.40324217899730397,reversal,breakout,True,344,1,7.0,0.021530373175592227,False,False,False,False,0.11304959650022643,0.2901925824970775,7.2548145624269385,284.8895231445004,DOGE,False,False,False,8.0,False
DOGE,conservative,short,2026-06-17 07:25:00,2026-06-17 15:35:00,0.08679,0.08679,0.26664,stop,breakout,True,98,1,7.0,0.016339670468947975,False,False,False,False,0.11885184610611277,0.14778815389388722,3.6947038473471805,288.5842269918476,DOGE,False,False,False,8.0,False
DOGE,conservative,short,2026-06-24 09:25:00,2026-06-25 00:10:00,0.07881,0.07632,1.804024354654989,reversal,breakout,True,177,1,7.0,0.013701433828194397,False,False,False,False,0.15326863059241896,1.65075572406257,41.26889310156425,329.8531200934118,DOGE,False,False,False,8.0,False
DOGE,conservative,long,2026-07-03 07:55:00,2026-07-05 00:25:00,0.0753,0.07728,1.164188001636286,reversal,breakout,True,486,1,7.0,0.01953183221415663,False,False,False,False,0.1391574518047518,1.0250305498315342,25.625763745788355,355.47888383920014,DOGE,False,False,False,8.0,False
DOGE,conservative,short,2026-07-07 10:55:00,2026-07-09 10:55:00,0.07465,0.07241,1.1462199124322785,max_hold_time,breakout,True,576,1,7.0,0.022744341046139396,False,False,False,False,0.1274163095831657,1.0188036028491128,25.47009007122782,380.948973910428,DOGE,False,False,False,8.0,False
DOGE,conservative,short,2026-07-09 12:40:00,2026-07-09 18:10:00,0.07225,0.0732732,-1.0,stop,breakout,True,66,0,7.0,0.014161937716263003,False,False,False,False,0.09094800625488646,-1.0909480062548864,-27.27370015637216,353.6752737540558,DOGE,False,False,False,8.0,False
DOGE,conservative,long,2026-07-10 08:25:00,2026-07-11 23:10:00,0.07433,0.07433,0.26664,stop,breakout,True,465,1,7.0,0.01616258520128668,False,False,False,False,0.16556757267933644,0.10107242732066354,2.5268106830165884,356.2020844370724,DOGE,False,False,False,8.0,False
DOGE,conservative,short,2026-07-28 13:25:00,2026-07-28 16:15:00,0.06987,0.07106,-0.9983394368716033,reversal,breakout,True,34,0,7.0,0.017059959309717918,False,False,False,False,0.07174694721005395,-1.0700863840816572,-26.75215960204143,329.44992483503097,DOGE,False,False,False,8.0,False
DOGE,conservative,short,2026-07-31 07:10:00,2026-07-31 17:20:00,0.06979,0.06979,0.26664,stop,breakout,True,122,1,7.0,0.01597583539046623,False,False,False,False,0.12456312620669316,0.14207687379330683,3.5519218448326706,333.00184667986366,DOGE,False,False,False,8.0,False
