symbol,strategy,direction,entry_time,exit_time,entry_price,exit_price,r_achieved,exit_reason,setup_type,is_breakout_extension,bars_held,stages_done,leverage,stop_distance_pct,fee_interest_r_cost,net_r,coin
SOL,balanced,short,2025-07-28 21:55:00,2025-07-29 16:15:00,184.28,179.12,0.9067722971440522,target_1r_full_close,trend_following,False,220,0,11.0,0.030879712946863713,0.05250088056199949,0.8542714165820526,SOL
SOL,balanced,short,2025-07-29 16:55:00,2025-07-30 19:00:00,180.08,173.67,1.1786745987534064,target_1r_full_close,trend_following,False,313,0,11.0,0.03019942146834454,0.060215883618532556,1.118458715134874,SOL
SOL,balanced,short,2025-07-30 19:55:00,2025-07-31 08:40:00,176.12,182.0747403069691,-1.0,stop,trend_following,False,153,0,11.0,0.03381069899482788,0.04374623870737396,-1.043746238707374,SOL
SOL,balanced,short,2025-07-31 20:55:00,2025-08-01 00:10:00,175.46,170.95,0.8981158613034254,target_1r_full_close,trend_following,False,39,0,11.0,0.028619764148550608,0.0432314089260371,0.8548844523773883,SOL
SOL,balanced,short,2025-08-01 17:55:00,2025-08-01 22:05:00,166.57,161.93,0.8010786938964334,target_1r_full_close,trend_following,False,50,0,11.0,0.03477330851894102,0.036252117336474,0.7648265765599593,SOL
SOL,balanced,short,2025-08-01 23:10:00,2025-08-02 18:45:00,162.05,156.33,0.8362919817840121,target_1r_full_close,trend_following,False,235,0,11.0,0.042207444741326025,0.03916442497671016,0.797127556807302,SOL
SOL,balanced,short,2025-08-02 20:10:00,2025-08-04 00:45:00,158.38,164.17685788193646,-1.0,stop,trend_following,False,343,0,11.0,0.036600946343834206,0.05142274722736163,-1.0514227472273616,SOL
SOL,balanced,long,2025-08-05 06:40:00,2025-08-05 10:30:00,168.55,171.54,0.8048452220726724,target_1r_full_close,trend_following,False,46,0,11.0,0.022040937407297557,0.05680889106407271,0.7480363310085997,SOL
SOL,balanced,short,2025-08-06 02:55:00,2025-08-06 14:55:00,162.68,167.37158592301856,-1.0,stop,trend_following,False,144,0,11.0,0.028839352858486295,0.05062526913014205,-1.050625269130142,SOL
SOL,balanced,long,2025-08-06 16:55:00,2025-08-07 10:25:00,167.74,172.11,0.9100172682044383,target_1r_full_close,trend_following,False,210,0,11.0,0.028628273978699166,0.05588880423564753,0.8541284639687907,SOL
SOL,balanced,long,2025-08-08 06:55:00,2025-08-08 13:55:00,175.07,178.63,0.9517819326380422,target_1r_full_close,trend_following,False,84,0,11.0,0.02136489731129297,0.062379296905060486,0.8894026357329817,SOL
SOL,balanced,long,2025-08-08 14:10:00,2025-08-09 05:15:00,177.47,181.06,0.8520374136985813,target_1r_full_close,trend_following,False,181,0,11.0,0.023741646475460575,0.06480110172961384,0.7872363119689675,SOL
SOL,balanced,long,2025-08-09 06:10:00,2025-08-10 01:35:00,180.08,184.3,0.9277853416152888,target_1r_full_close,trend_following,False,233,0,11.0,0.02525802927593474,0.06527777210072384,0.862507569514565,SOL
SOL,balanced,long,2025-08-10 02:40:00,2025-08-10 07:40:00,183.07,178.74107999999998,-1.0,stop,trend_following,False,60,0,11.0,0.023646255530671387,0.05420808297345619,-1.0542080829734561,SOL
SOL,balanced,long,2025-08-10 17:55:00,2025-08-11 02:15:00,181.68,185.22,0.8142591966435889,target_1r_full_close,trend_following,False,100,0,11.0,0.023929491413474394,0.057112232059270344,0.7571469645843186,SOL
SOL,balanced,long,2025-08-11 03:25:00,2025-08-11 11:20:00,184.88,180.1138845194676,-1.0,stop,trend_following,False,95,0,11.0,0.025779508224428774,0.05260226821455023,-1.0526022682145502,SOL
SOL,balanced,short,2025-08-12 04:15:00,2025-08-12 15:20:00,175.73,180.16775897043468,-1.0,stop,trend_following,False,133,0,11.0,0.02525328043267903,0.05689029868798934,-1.0568902986879893,SOL
SOL,balanced,long,2025-08-13 12:55:00,2025-08-14 02:45:00,201.14,206.27,0.8370266327566509,target_1r_full_close,trend_following,False,166,0,11.0,0.03047050433894297,0.049446725590986174,0.7875799071656647,SOL
SOL,balanced,long,2025-08-14 02:50:00,2025-08-14 12:30:00,206.96,199.62221183367183,-1.0,stop,breakout,True,116,0,11.0,0.03545510323892627,0.03950365201780969,-1.0395036520178096,SOL
SOL,balanced,short,2025-08-16 06:25:00,2025-08-17 04:05:00,186.7,192.83938670428535,-1.0,stop,trend_following,False,260,0,11.0,0.0328836995408964,0.05188165047971058,-1.0518816504797106,SOL
SOL,balanced,long,2025-08-17 09:10:00,2025-08-18 01:25:00,192.8,188.53521970361916,-1.0,stop,trend_following,False,195,0,11.0,0.0221202297530127,0.07089355923024432,-1.0708935592302442,SOL
SOL,balanced,short,2025-08-18 09:10:00,2025-08-19 19:00:00,180.46,176.02,0.865475970668598,target_1r_full_close,breakout,True,406,0,11.0,0.028428045546586306,0.07090735704831569,0.7945686136202823,SOL
SOL,balanced,short,2025-08-19 19:25:00,2025-08-20 15:15:00,178.05,183.63869428308314,-1.0,stop,trend_following,False,238,0,11.0,0.031388341943741245,0.052866568816159414,-1.0528665688161594,SOL
SOL,balanced,long,2025-08-20 21:10:00,2025-08-21 17:00:00,186.77,180.54445449202026,-1.0,stop,trend_following,False,238,0,11.0,0.03333268462804383,0.04978278701253602,-1.049782787012536,SOL
SOL,balanced,short,2025-08-21 19:55:00,2025-08-22 14:05:00,180.15,185.65416491757964,-1.0,stop,breakout,True,218,0,11.0,0.03055323295908759,0.052923031063027134,-1.052923031063027,SOL
SOL,balanced,long,2025-08-23 15:10:00,2025-08-24 02:05:00,203.69,209.0,0.8075139599038107,target_1r_full_close,breakout,True,131,0,11.0,0.032283065997875074,0.0443707621363636,0.7631431977674471,SOL
SOL,balanced,long,2025-08-24 09:55:00,2025-08-24 20:05:00,208.18,202.80369798177884,-1.0,stop,trend_following,False,122,0,11.0,0.025825257076670032,0.05472678661580905,-1.054726786615809,SOL
SOL,balanced,short,2025-08-25 15:55:00,2025-08-25 20:10:00,196.56,189.6,0.8456157190055446,target_1r_full_close,trend_following,False,51,0,11.0,0.04187367218135083,0.03015563734793841,0.8154600816576062,SOL
SOL,balanced,short,2025-08-25 22:40:00,2025-08-26 19:50:00,188.43,196.83851856844586,-1.0,stop,trend_following,False,254,0,11.0,0.04462409684469488,0.03794661299760613,-1.037946612997606,SOL
SOL,balanced,long,2025-08-27 05:25:00,2025-08-27 17:40:00,203.05,209.9,0.9188683542333277,target_1r_full_close,trend_following,False,147,0,11.0,0.03671421805365029,0.039939939187070436,0.8789284150462573,SOL
SOL,balanced,long,2025-08-27 17:55:00,2025-08-28 00:30:00,209.18,202.23814830579678,-1.0,stop,trend_following,False,79,0,11.0,0.0331860201463009,0.03983970377564492,-1.0398397037756448,SOL
SOL,balanced,long,2025-08-28 10:40:00,2025-08-29 15:55:00,213.43,204.46,-1.167130788851652,reversal,trend_following,False,351,0,11.0,0.03600952998623796,0.052738564202773536,-1.2198693530544256,SOL
SOL,balanced,short,2025-08-29 19:10:00,2025-08-31 07:10:00,203.11,203.62,-0.056698109482054206,max_hold_time,trend_following,False,432,0,11.0,0.04428639116984496,0.046761748614079744,-0.10345985809613395,SOL
SOL,balanced,short,2025-08-31 14:25:00,2025-09-01 00:30:00,202.5,199.0,0.8015279412640332,target_1r_full_close,trend_following,False,121,0,11.0,0.021563753086419734,0.06544371545883004,0.7360842258052032,SOL
SOL,balanced,short,2025-09-01 01:25:00,2025-09-01 02:30:00,201.92,197.99,0.9169388707419452,target_1r_full_close,trend_following,False,13,0,11.0,0.021226228209191768,0.055691534099746864,0.8612473366421984,SOL
SOL,balanced,short,2025-09-01 22:55:00,2025-09-02 02:55:00,195.76,201.39620401013298,-1.0,stop,trend_following,False,48,0,11.0,0.028791397681513002,0.04363677131139588,-1.0436367713113959,SOL
SOL,balanced,long,2025-09-02 10:55:00,2025-09-02 12:45:00,203.71,198.69716994655366,-1.0,stop,trend_following,False,22,0,11.0,0.024607677843239657,0.04881452564782029,-1.0488145256478203,SOL
SOL,balanced,long,2025-09-02 14:40:00,2025-09-02 23:35:00,204.14,209.34,0.8249739961678176,target_1r_full_close,trend_following,False,107,0,11.0,0.030876991180197832,0.04474254448733823,0.7802314516804794,SOL
SOL,balanced,long,2025-09-03 08:25:00,2025-09-04 15:10:00,209.95,204.11764773920322,-1.0,stop,trend_following,False,369,0,11.0,0.02777972022289482,0.06973694161527633,-1.0697369416152762,SOL
SOL,balanced,short,2025-09-04 17:55:00,2025-09-05 12:50:00,203.96,208.31516598496987,-1.0,stop,trend_following,False,227,0,11.0,0.021353039738036175,0.076619564527213,-1.076619564527213,SOL
SOL,balanced,short,2025-09-06 04:10:00,2025-09-06 18:40:00,203.5,199.66,0.8154746029338199,target_1r_full_close,trend_following,False,174,0,11.0,0.023139627895082674,0.06584532692334895,0.7496292760104709,SOL
SOL,balanced,long,2025-09-07 23:55:00,2025-09-08 09:00:00,206.35,209.13,0.8015355736606768,target_1r_full_close,trend_following,False,109,0,11.0,0.016808057332265463,0.082446028613754,0.7190895450469228,SOL
SOL,balanced,long,2025-09-09 08:55:00,2025-09-09 14:30:00,218.99,213.65469094994808,-1.0,stop,trend_following,False,67,0,11.0,0.02436325425842245,0.053222227741534366,-1.0532222277415344,SOL
SOL,balanced,long,2025-09-09 22:55:00,2025-09-10 07:25:00,217.21,221.6,0.8409773908803304,target_1r_full_close,breakout,True,102,0,11.0,0.024032579321336307,0.05704377680726044,0.7839336140730699,SOL
SOL,balanced,long,2025-09-10 08:25:00,2025-09-11 01:10:00,221.3,225.48,0.805008598176649,target_1r_full_close,trend_following,False,201,0,11.0,0.023463583926959294,0.06737713623930447,0.7376314619373445,SOL
SOL,balanced,long,2025-09-11 01:25:00,2025-09-12 00:20:00,225.04,229.25,0.8581764391932832,target_1r_full_close,trend_following,False,275,0,11.0,0.021799462707461945,0.07972117529685321,0.77845526389643,SOL
SOL,balanced,long,2025-09-12 09:55:00,2025-09-12 22:15:00,238.46,243.78,0.9416624791673694,target_1r_full_close,trend_following,False,148,0,11.0,0.0236919510411127,0.06198243639523749,0.879680042772132,SOL
SOL,balanced,long,2025-09-12 22:20:00,2025-09-13 16:45:00,243.58,238.2624528494296,-1.0,stop,breakout,True,221,0,11.0,0.021830803639750467,0.07435976064470197,-1.074359760644702,SOL
SOL,balanced,long,2025-09-14 01:10:00,2025-09-14 02:00:00,242.88,246.79,0.8028213547432047,target_1r_full_close,trend_following,False,10,0,11.0,0.020052387437594,0.058845860806965494,0.7439754939362392,SOL
SOL,balanced,long,2025-09-14 03:55:00,2025-09-14 22:20:00,246.89,241.33646454728228,-1.0,stop,trend_following,False,221,0,11.0,0.022493966757332055,0.07216749943867493,-1.072167499438675,SOL
SOL,balanced,short,2025-09-15 17:10:00,2025-09-16 16:00:00,231.09,238.53025615645856,-1.0,stop,breakout,True,274,0,11.0,0.03219635707498619,0.05391161402872223,-1.0539116140287221,SOL
SOL,balanced,short,2025-09-17 05:40:00,2025-09-17 20:00:00,234.06,239.18989127727005,-1.0,stop,trend_following,False,172,0,11.0,0.021916992554345243,0.06932492839181559,-1.0693249283918156,SOL
SOL,balanced,long,2025-09-18 12:10:00,2025-09-18 17:05:00,246.86,252.19,0.9181274714435429,target_1r_full_close,trend_following,False,59,0,11.0,0.023516544225890678,0.054416880193139935,0.863710591250403,SOL
SOL,balanced,short,2025-09-19 16:55:00,2025-09-21 04:55:00,238.62,240.51,-0.35456518325010355,max_hold_time,trend_following,False,432,0,11.0,0.022338750382521186,0.0927047867695169,-0.44726997001962043,SOL
SOL,balanced,short,2025-09-21 10:55:00,2025-09-21 22:10:00,238.38,235.76,0.8026975191965403,target_1r_full_close,trend_following,False,135,0,11.0,0.01369239928447277,0.1052342296607642,0.6974632895357761,SOL
SOL,balanced,short,2025-09-21 22:25:00,2025-09-22 00:30:00,236.1,233.34,0.8772454959285153,target_1r_full_close,trend_following,False,25,0,11.0,0.013325758792509816,0.09061966199287019,0.7866258339356451,SOL
SOL,balanced,short,2025-09-22 00:35:00,2025-09-22 05:55:00,232.67,224.99,2.1773533017729183,target_1r_full_close,breakout,True,64,0,11.0,0.015159746039338349,0.08511376291890349,2.092239538854015,SOL
SOL,balanced,short,2025-09-23 01:25:00,2025-09-23 02:50:00,219.14,214.62,0.8838430748353001,target_1r_full_close,trend_following,False,17,0,11.0,0.023336816646892463,0.05101835775723087,0.8328247170780693,SOL
SOL,balanced,short,2025-09-23 03:25:00,2025-09-24 03:25:00,216.62,208.58,1.230891949332825,target_1r_full_close,trend_following,False,288,0,11.0,0.030153488675965335,0.05854893158222682,1.1723430177505982,SOL
SOL,balanced,short,2025-09-24 04:40:00,2025-09-25 09:55:00,208.9,202.25,0.8839400125854988,target_1r_full_close,trend_following,False,351,0,11.0,0.036013092136435616,0.052733347691895,0.8312066648936038,SOL
SOL,balanced,short,2025-09-25 10:10:00,2025-09-25 17:10:00,203.12,196.83,0.9162261978715868,target_1r_full_close,trend_following,False,84,0,11.0,0.033798330784080385,0.039431748308558806,0.876794449563028,SOL
SOL,balanced,short,2025-09-26 05:55:00,2025-09-26 22:10:00,195.08,202.76805572290226,-1.0,stop,trend_following,False,195,0,11.0,0.03940975867798979,0.03979171329099364,-1.0397917132909937,SOL
SOL,balanced,short,2025-09-28 09:20:00,2025-09-28 17:05:00,200.82,204.50823958367002,-1.0,stop,trend_following,False,93,0,11.0,0.018365897737625862,0.07360479738753734,-1.0736047973875373,SOL
SOL,balanced,long,2025-09-28 21:40:00,2025-09-28 22:40:00,206.61,209.81,0.8005749860457999,target_1r_full_close,trend_following,False,12,0,11.0,0.019346242362871528,0.06099375671342798,0.7395812293323719,SOL
SOL,balanced,long,2025-09-29 00:10:00,2025-09-29 12:55:00,209.79,205.7542904023174,-1.0,stop,trend_following,False,153,0,11.0,0.019236901652522034,0.07688820870470034,-1.0768882087047003,SOL
SOL,balanced,long,2025-10-01 14:55:00,2025-10-02 03:30:00,219.52,224.68,0.8749234100425191,target_1r_full_close,trend_following,False,151,0,11.0,0.02686615837910629,0.054896143469304826,0.8200272665732142,SOL
SOL,balanced,long,2025-10-02 03:55:00,2025-10-02 16:10:00,223.8,228.49,0.8291921055017195,target_1r_full_close,trend_following,False,147,0,11.0,0.025273046816951555,0.05802084912769966,0.7711712563740198,SOL
SOL,balanced,long,2025-10-02 16:40:00,2025-10-02 18:00:00,226.94,230.77,0.809309382283524,target_1r_full_close,trend_following,False,16,0,11.0,0.020853221115713378,0.05699286656435529,0.7523165157191687,SOL
SOL,balanced,long,2025-10-02 23:25:00,2025-10-03 14:15:00,234.22,228.16440657397195,-1.0,stop,breakout,True,178,0,11.0,0.025854296926086814,0.059259828898124554,-1.0592598288981245,SOL
SOL,balanced,long,2025-10-03 16:55:00,2025-10-04 14:55:00,233.91,227.31540159920127,-1.0,stop,trend_following,False,264,0,11.0,0.028192887866267925,0.06081482190396198,-1.060814821903962,SOL
SOL,balanced,long,2025-10-05 08:10:00,2025-10-05 10:30:00,236.02,231.19035112284945,-1.0,stop,trend_following,False,28,0,11.0,0.020462879743880013,0.05932397634807271,-1.0593239763480726,SOL
SOL,balanced,long,2025-10-06 05:45:00,2025-10-06 17:20:00,232.09,237.05,0.8989068840385046,target_1r_full_close,trend_following,False,139,0,11.0,0.02377445344168573,0.060964343216092454,0.8379425408224122,SOL
SOL,balanced,long,2025-10-06 17:40:00,2025-10-07 07:10:00,236.12,230.34620828237786,-1.0,stop,trend_following,False,162,0,11.0,0.024452785522709408,0.06126834984875037,-1.0612683498487503,SOL
SOL,balanced,short,2025-10-07 15:55:00,2025-10-08 03:50:00,223.79,218.33,0.8399392686807973,target_1r_full_close,trend_following,False,143,0,11.0,0.029047186999915018,0.05019001626157649,0.7897492524192208,SOL
SOL,balanced,short,2025-10-08 05:55:00,2025-10-08 17:15:00,219.5,225.88780091282388,-1.0,stop,trend_following,False,136,0,11.0,0.029101598691680535,0.04958594606154169,-1.0495859460615418,SOL
SOL,balanced,short,2025-10-09 09:55:00,2025-10-10 15:15:00,221.96,216.6,0.8105169585355473,target_1r_full_close,trend_following,False,352,0,11.0,0.029793941965133748,0.06381203680389147,0.7467049217316558,SOL
SOL,balanced,short,2025-10-10 19:40:00,2025-10-10 20:55:00,206.52,196.84,1.3131017511354084,target_1r_full_close,trend_following,False,15,0,11.0,0.03569561431031257,0.03323555734467056,1.2798661937907378,SOL
SOL,balanced,short,2025-10-11 16:55:00,2025-10-11 20:30:00,182.66,175.73,0.807593476322828,target_1r_full_close,trend_following,False,43,0,11.0,0.046978265630132514,0.026517743025373196,0.7810757332974547,SOL
SOL,balanced,long,2025-10-13 22:25:00,2025-10-14 06:10:00,207.76,199.19880322320196,-1.0,stop,trend_following,False,93,0,11.0,0.0412071465960629,0.03280543045286567,-1.0328054304528658,SOL
SOL,balanced,long,2025-10-15 02:10:00,2025-10-15 19:35:00,204.79,195.3852710730739,-1.0,stop,breakout,True,209,0,11.0,0.04592377033510466,0.034794155101358276,-1.0347941551013582,SOL
SOL,balanced,short,2025-10-15 20:55:00,2025-10-16 09:30:00,194.2,186.84,0.8429248072089065,target_1r_full_close,trend_following,False,151,0,11.0,0.0449613925184925,0.03280255352949497,0.8101222536794115,SOL
SOL,balanced,short,2025-10-16 09:35:00,2025-10-16 10:40:00,189.13,196.18534717823735,-1.0,stop,trend_following,False,13,0,11.0,0.037304220262450984,0.031688672321911276,-1.0316886723219112,SOL
SOL,balanced,short,2025-10-16 17:10:00,2025-10-17 06:40:00,189.31,181.08,0.8841457519106362,target_1r_full_close,trend_following,False,162,0,11.0,0.04917024985473553,0.030469274055102857,0.8536764778555332,SOL
SOL,balanced,short,2025-10-17 09:25:00,2025-10-18 06:45:00,177.69,185.9387172295476,-1.0,stop,trend_following,False,256,0,11.0,0.04642195525661317,0.03656838123667625,-1.0365683812366762,SOL
SOL,balanced,long,2025-10-19 12:10:00,2025-10-20 05:20:00,188.55,192.8,0.8238371422023835,target_1r_full_close,trend_following,False,206,0,11.0,0.027360310729958297,0.05816875280486178,0.7656683893975217,SOL
SOL,balanced,long,2025-10-20 07:55:00,2025-10-20 16:35:00,193.02,187.49362541783816,-1.0,stop,trend_following,False,104,0,11.0,0.028631098239363016,0.048029995344744045,-1.048029995344744,SOL
SOL,balanced,short,2025-10-21 06:25:00,2025-10-21 14:45:00,184.87,189.84901611654303,-1.0,stop,trend_following,False,100,0,11.0,0.026932526188905837,0.050744094968322356,-1.0507440949683224,SOL
SOL,balanced,short,2025-10-22 10:55:00,2025-10-22 19:55:00,183.55,180.2,0.8195818909099881,target_1r_full_close,trend_following,False,108,0,11.0,0.02226886406973571,0.06213322598330383,0.7574486649266843,SOL
SOL,balanced,short,2025-10-22 20:40:00,2025-10-23 07:30:00,180.58,187.62297580722012,-1.0,stop,trend_following,False,130,0,11.0,0.039001970357847505,0.036672583902296156,-1.036672583902296,SOL
SOL,balanced,long,2025-10-23 14:55:00,2025-10-24 12:30:00,189.77,194.52,0.8336141167588677,target_1r_full_close,trend_following,False,259,0,11.0,0.03002624275841607,0.056748338699879323,0.7768657780589884,SOL
SOL,balanced,long,2025-10-24 13:25:00,2025-10-26 01:25:00,193.36,193.43,0.013615699747614418,max_hold_time,trend_following,False,432,0,11.0,0.026588353045980482,0.07788782882970491,-0.06427212908209048,SOL
SOL,balanced,long,2025-10-26 06:40:00,2025-10-26 11:30:00,193.96,196.35,0.8750027458245067,target_1r_full_close,breakout,True,58,0,11.0,0.014082388121262189,0.09072152724201796,0.7842812185824887,SOL
SOL,balanced,long,2025-10-26 12:40:00,2025-10-26 15:50:00,196.92,199.74,0.8320991809947859,target_1r_full_close,trend_following,False,38,0,11.0,0.01721013141877961,0.07176886016127243,0.7603303208335135,SOL
SOL,balanced,long,2025-10-26 16:10:00,2025-10-27 00:15:00,198.6,202.1,1.0031361605059297,target_1r_full_close,trend_following,False,97,0,11.0,0.017568266640817124,0.07742955284743792,0.9257066076584918,SOL
SOL,balanced,long,2025-10-27 18:10:00,2025-10-27 21:20:00,202.99,198.28425044331868,-1.0,stop,breakout,True,38,0,11.0,0.023182174277951256,0.05328022731354743,-1.0532802273135475,SOL
SOL,balanced,long,2025-10-28 02:55:00,2025-10-28 08:45:00,200.75,203.76,0.8344098421551603,target_1r_full_close,trend_following,False,70,0,11.0,0.017969315068493117,0.07251418866348441,0.7618956534916759,SOL
SOL,balanced,long,2025-10-28 09:40:00,2025-10-28 19:40:00,202.16,197.14266,-1.0,stop,trend_following,False,120,0,11.0,0.02481865848832603,0.056775466319168875,-1.0567754663191689,SOL
SOL,balanced,short,2025-10-29 09:10:00,2025-10-29 11:20:00,193.93,198.87465400603537,-1.0,stop,breakout,True,26,0,11.0,0.02549710723475153,0.04744447903675134,-1.0474444790367514,SOL
SOL,balanced,short,2025-10-29 18:55:00,2025-10-30 12:40:00,193.54,186.68,0.9579885573398793,target_1r_full_close,trend_following,False,213,0,11.0,0.036999261636371863,0.04341609981709775,0.9145724575227816,SOL
SOL,balanced,short,2025-10-30 14:55:00,2025-10-30 18:35:00,187.63,181.39,0.8586681103718836,target_1r_full_close,trend_following,False,44,0,11.0,0.0387308454243687,0.032219249908075766,0.8264488604638078,SOL
SOL,balanced,short,2025-10-30 20:40:00,2025-10-31 11:55:00,180.69,188.16808897696075,-1.0,stop,trend_following,False,183,0,11.0,0.04138629131086805,0.037276286998979107,-1.0372762869989791,SOL
SOL,balanced,short,2025-11-01 02:55:00,2025-11-02 14:55:00,186.61,184.35,0.5885018201892673,max_hold_time,trend_following,False,432,0,11.0,0.020579068645838767,0.10063181801611043,0.4878700021731569,SOL
SOL,balanced,short,2025-11-04 08:25:00,2025-11-04 20:15:00,159.03,151.12,1.0071057280561315,target_1r_full_close,trend_following,False,142,0,11.0,0.049388104508029586,0.029475874611079613,0.9776298534450519,SOL
SOL,balanced,short,2025-11-05 11:10:00,2025-11-05 13:35:00,155.93,158.77862000000002,-1.0,stop,trend_following,False,29,0,11.0,0.01826858205605086,0.06656568103258055,-1.0665656810325805,SOL
SOL,balanced,short,2025-11-06 12:25:00,2025-11-06 23:15:00,157.97,153.9,0.8388773242888913,target_1r_full_close,breakout,True,130,0,11.0,0.030712936083573093,0.046570051994085725,0.7923072722948056,SOL
SOL,balanced,short,2025-11-07 10:40:00,2025-11-07 11:10:00,155.16,152.05,0.8477186555345649,target_1r_full_close,trend_following,False,6,0,11.0,0.02364443155452431,0.04990604224419215,0.7978126132903728,SOL
SOL,balanced,short,2025-11-07 11:55:00,2025-11-07 17:10:00,153.85,158.82867,-1.0,stop,trend_following,False,63,0,11.0,0.032360545986350304,0.039807171940954705,-1.0398071719409547,SOL
SOL,balanced,long,2025-11-07 21:55:00,2025-11-08 14:15:00,163.52,156.908505006034,-1.0,stop,trend_following,False,196,0,11.0,0.04043233239949856,0.0388378047248767,-1.0388378047248767,SOL
SOL,balanced,long,2025-11-09 15:55:00,2025-11-10 00:30:00,162.53,166.22,0.805703195576343,target_1r_full_close,trend_following,False,103,0,11.0,0.028178491802930607,0.048726181395113054,0.7569770141812299,SOL
SOL,balanced,long,2025-11-10 11:55:00,2025-11-11 09:15:00,168.33,163.57946165434475,-1.0,stop,trend_following,False,256,0,11.0,0.028221578718322683,0.06015169365679805,-1.060151693656798,SOL
SOL,balanced,short,2025-11-11 19:25:00,2025-11-11 23:50:00,158.59,154.33,0.8037359318128178,target_1r_full_close,trend_following,False,53,0,11.0,0.03342107505035935,0.03790930408613753,0.7658266277266802,SOL
SOL,balanced,short,2025-11-12 01:10:00,2025-11-12 10:45:00,154.81,159.9374553812087,-1.0,stop,trend_following,False,115,0,11.0,0.033120957181116885,0.04222356379489421,-1.0422235637948942,SOL
SOL,balanced,short,2025-11-12 23:10:00,2025-11-13 17:35:00,153.23,148.75,0.8428305180948977,target_1r_full_close,trend_following,False,221,0,11.0,0.034689174081895,0.04679654031257506,0.7960339777823227,SOL
SOL,balanced,short,2025-11-13 22:10:00,2025-11-14 12:30:00,143.27,136.93,0.9732652530330074,target_1r_full_close,trend_following,False,172,0,11.0,0.04546767827183373,0.03341701175745259,0.9398482412755548,SOL
SOL,balanced,short,2025-11-14 12:55:00,2025-11-16 00:55:00,138.72,139.25,-0.07703914901953639,max_hold_time,trend_following,False,432,0,11.0,0.04959356319541019,0.04175761847861641,-0.1187967674981528,SOL
SOL,balanced,short,2025-11-16 13:10:00,2025-11-16 15:55:00,140.37,137.48,0.9164769231745036,target_1r_full_close,trend_following,False,33,0,11.0,0.022464771674859288,0.054509588268634154,0.8619673349058694,SOL
SOL,balanced,short,2025-11-16 18:25:00,2025-11-17 07:15:00,137.05,141.5931360369538,-1.0,stop,trend_following,False,154,0,11.0,0.03314947856223128,0.04468281811526695,-1.044682818115267,SOL
SOL,balanced,short,2025-11-17 20:55:00,2025-11-18 06:10:00,130.31,136.44235907234517,-1.0,stop,trend_following,False,111,0,11.0,0.04705977340453662,0.02953690380213353,-1.0295369038021336,SOL
SOL,balanced,long,2025-11-18 18:55:00,2025-11-19 14:00:00,141.46,136.70316,-1.0,stop,trend_following,False,229,0,11.0,0.03362674961119759,0.048779708097532425,-1.0487797080975325,SOL
SOL,balanced,short,2025-11-19 19:55:00,2025-11-19 23:05:00,131.74,136.90572899313204,-1.0,stop,trend_following,False,38,0,11.0,0.039211545416214015,0.031499689748029636,-1.0314996897480295,SOL
SOL,balanced,long,2025-11-20 06:10:00,2025-11-20 16:00:00,143.86,138.462364269653,-1.0,stop,trend_following,False,118,0,11.0,0.03752005929617002,0.03744259767179764,-1.0374425976717976,SOL
SOL,balanced,short,2025-11-20 19:25:00,2025-11-21 07:30:00,133.34,124.91,1.4208842346925215,target_1r_full_close,trend_following,False,145,0,11.0,0.04449471488557674,0.0328605591895852,1.3880236755029363,SOL
SOL,balanced,short,2025-11-21 23:10:00,2025-11-23 04:10:00,126.17,130.75062,-1.0,stop,trend_following,False,348,0,11.0,0.03630514385353092,0.05213385960852465,-1.0521338596085246,SOL
SOL,balanced,long,2025-11-23 14:55:00,2025-11-23 16:00:00,130.75,133.22,0.8923055803418235,target_1r_full_close,trend_following,False,13,0,11.0,0.02117101338432117,0.055836779782902,0.8364688005589215,SOL
SOL,balanced,long,2025-11-23 16:25:00,2025-11-24 17:25:00,132.1,136.13,0.9786042626350471,target_1r_full_close,trend_following,False,300,0,11.0,0.031174186222558572,0.05744846322927062,0.9211557994057764,SOL
SOL,balanced,long,2025-11-24 21:40:00,2025-11-25 14:45:00,138.13,133.3443926906953,-1.0,stop,trend_following,False,205,0,11.0,0.03464567660395793,0.04587567902231029,-1.0458756790223103,SOL
SOL,balanced,long,2025-11-25 18:40:00,2025-11-25 23:10:00,136.74,139.94,0.8548995092342456,target_1r_full_close,trend_following,False,54,0,11.0,0.027374067573497203,0.04636106437903321,0.8085384448552124,SOL
SOL,balanced,long,2025-11-25 23:55:00,2025-11-26 18:15:00,138.96,143.58,0.989165148600577,target_1r_full_close,trend_following,False,220,0,11.0,0.03361114935613323,0.04823435533353128,0.9409307932670458,SOL
SOL,balanced,long,2025-11-26 20:10:00,2025-11-28 02:15:00,143.54,138.78878034680804,-1.0,stop,trend_following,False,361,0,11.0,0.03310031805205485,0.0580146398376924,-1.0580146398376924,SOL
SOL,balanced,short,2025-11-29 06:25:00,2025-11-30 13:30:00,136.71,139.61565419019004,-1.0,stop,breakout,True,373,0,11.0,0.021254145199254146,0.09154720444018875,-1.0915472044401888,SOL
SOL,balanced,short,2025-12-01 14:55:00,2025-12-01 15:30:00,126.11,123.31,1.3282165372446197,target_1r_full_close,trend_following,False,7,0,11.0,0.016716279438585283,0.07058987045145165,1.2576266667931681,SOL
SOL,balanced,short,2025-12-01 15:55:00,2025-12-02 10:50:00,125.11,128.21809,-1.0,stop,trend_following,False,227,0,11.0,0.024842858284709377,0.0658563755953795,-1.0658563755953796,SOL
SOL,balanced,long,2025-12-02 20:10:00,2025-12-03 06:15:00,139.88,143.45,0.8025868925558816,target_1r_full_close,trend_following,False,121,0,11.0,0.031799517448319214,0.044378413084589494,0.7582084794712921,SOL
SOL,balanced,long,2025-12-03 06:40:00,2025-12-04 01:10:00,142.8,146.78,1.005236629256417,target_1r_full_close,trend_following,False,222,0,11.0,0.02772595789709755,0.05862573085796627,0.9466108983984507,SOL
SOL,balanced,long,2025-12-04 01:25:00,2025-12-04 18:45:00,145.28,140.7617419372924,-1.0,stop,trend_following,False,208,0,11.0,0.03110034459462822,0.05130996445721703,-1.051309964457217,SOL
SOL,balanced,short,2025-12-05 05:55:00,2025-12-05 14:35:00,138.04,134.95,0.8638923481906629,target_1r_full_close,breakout,True,104,0,11.0,0.025911580351702934,0.053070924138408984,0.8108214240522539,SOL
SOL,balanced,short,2025-12-05 15:10:00,2025-12-05 16:35:00,135.79,132.56,0.8342285028032876,target_1r_full_close,trend_following,False,17,0,11.0,0.02851344617076603,0.04175595098100603,0.7924725518222816,SOL
SOL,balanced,short,2025-12-05 18:10:00,2025-12-07 06:10:00,132.56,132.98,-0.09434833876662509,max_hold_time,trend_following,False,432,0,11.0,0.03358168914903019,0.06166780597958388,-0.15601614474620895,SOL
SOL,balanced,short,2025-12-07 08:25:00,2025-12-07 14:20:00,132.21,129.18,1.5830803713707915,target_1r_full_close,trend_following,False,71,0,11.0,0.01447689282202566,0.09015411878754889,1.4929262525832425,SOL
SOL,balanced,long,2025-12-08 11:55:00,2025-12-08 18:55:00,138.37,134.60714864149668,-1.0,stop,trend_following,False,84,0,11.0,0.027194127039844807,0.04900790787564396,-1.049007907875644,SOL
SOL,balanced,short,2025-12-09 02:55:00,2025-12-09 15:45:00,132.78,136.41897679054313,-1.0,stop,trend_following,False,154,0,11.0,0.027406061082566092,0.05404688097095316,-1.0540468809709531,SOL
SOL,balanced,long,2025-12-09 18:40:00,2025-12-09 21:50:00,142.32,137.48648785741034,-1.0,stop,trend_following,False,38,0,11.0,0.03396228318289527,0.0363683297880746,-1.0363683297880746,SOL
SOL,balanced,long,2025-12-10 20:55:00,2025-12-10 22:15:00,138.34,135.57429000000002,-1.0,stop,trend_following,False,16,0,11.0,0.019992120861645108,0.05944766224202642,-1.0594476622420264,SOL
SOL,balanced,short,2025-12-11 14:45:00,2025-12-11 18:35:00,130.53,134.13996841268084,-1.0,stop,trend_following,False,46,0,11.0,0.027656235445344693,0.045274463134930346,-1.0452744631349304,SOL
SOL,balanced,long,2025-12-12 03:55:00,2025-12-12 16:15:00,137.08,132.83749692603337,-1.0,stop,trend_following,False,148,0,11.0,0.03094910325333123,0.04744838118457559,-1.0474483811845756,SOL
SOL,balanced,short,2025-12-12 20:40:00,2025-12-14 08:40:00,131.63,133.02,-0.2994833447423099,max_hold_time,trend_following,False,432,0,11.0,0.035260400763910155,0.058731864812742424,-0.35821520955505237,SOL
SOL,balanced,short,2025-12-14 11:55:00,2025-12-14 22:35:00,131.47,129.61,0.8250366178727924,target_1r_full_close,trend_following,False,128,0,11.0,0.01714798349668864,0.08316200014631372,0.7418746177264787,SOL
SOL,balanced,short,2025-12-18 07:55:00,2025-12-18 13:45:00,122.83,126.45255532305599,-1.0,stop,trend_following,False,70,0,11.0,0.029492431189904675,0.044181854477847636,-1.0441818544778476,SOL
SOL,balanced,short,2025-12-18 21:25:00,2025-12-19 07:05:00,118.76,124.23777562499245,-1.0,stop,trend_following,False,116,0,11.0,0.046124752652344614,0.030365605885473837,-1.0303656058854738,SOL
SOL,balanced,long,2025-12-21 08:25:00,2025-12-21 09:00:00,125.3,125.93,0.8460009668582742,target_1r_full_close,breakout,True,7,0,11.0,0.005943176376695836,0.19854702691089104,0.6474539399473831,SOL
SOL,balanced,short,2025-12-23 08:10:00,2025-12-24 02:40:00,124.35,122.01,0.8647598919371131,target_1r_full_close,trend_following,False,222,0,11.0,0.021760783554134855,0.074696508120255,0.7900633838168581,SOL
SOL,balanced,short,2025-12-24 09:55:00,2025-12-25 16:15:00,121.43,123.9968023631084,-1.0,stop,trend_following,False,364,0,11.0,0.021138123718260675,0.0911465318467348,-1.0911465318467348,SOL
SOL,balanced,short,2025-12-26 22:15:00,2025-12-27 21:55:00,122.12,124.55,-0.923161868070363,reversal,trend_following,False,284,0,11.0,0.02155468203232686,0.08151220669062358,-1.0046740747609866,SOL
SOL,balanced,long,2025-12-28 00:55:00,2025-12-29 00:20:00,124.38,126.39,1.1199665254945834,target_1r_full_close,trend_following,False,281,0,11.0,0.014429140512496361,0.1213243477038669,0.9986421777907165,SOL
SOL,balanced,short,2025-12-29 23:50:00,2025-12-30 16:15:00,123.23,125.78189593092692,-1.0,stop,trend_following,False,197,0,11.0,0.02070839836831062,0.07593171690334446,-1.0759317169033444,SOL
SOL,balanced,long,2025-12-30 23:55:00,2025-12-31 10:45:00,125.01,126.32,0.8019589837771524,target_1r_full_close,breakout,True,130,0,11.0,0.013066954643628606,0.10945955421988399,0.6924994295572684,SOL
SOL,balanced,long,2025-12-31 10:50:00,2025-12-31 20:05:00,126.29,124.29617256929356,-1.0,stop,trend_following,False,111,0,11.0,0.01578769047989901,0.08804327661286222,-1.0880432766128623,SOL
SOL,balanced,long,2026-01-04 03:15:00,2026-01-05 01:05:00,134.15,136.28,0.9135263438510558,target_1r_full_close,trend_following,False,262,0,11.0,0.01738072349587121,0.0984022920972946,0.8151240517537612,SOL
SOL,balanced,long,2026-01-06 04:10:00,2026-01-06 14:15:00,138.63,142.77,1.2911313744136854,target_1r_full_close,breakout,True,121,0,11.0,0.02312984291528745,0.06101261155904323,1.2301187628546422,SOL
SOL,balanced,long,2026-01-06 15:40:00,2026-01-06 17:15:00,141.89,138.3387856552771,-1.0,stop,trend_following,False,19,0,11.0,0.025027939563907916,0.04774058534852554,-1.0477405853485255,SOL
SOL,balanced,long,2026-01-06 21:55:00,2026-01-07 15:15:00,140.24,136.05381,-1.0,stop,trend_following,False,208,0,11.0,0.02985018539646328,0.05345888323851566,-1.0534588832385157,SOL
SOL,balanced,short,2026-01-08 07:25:00,2026-01-08 17:55:00,135.54,138.64851,-1.0,stop,trend_following,False,126,0,11.0,0.022934262948207138,0.0619953728196585,-1.0619953728196585,SOL
SOL,balanced,long,2026-01-09 00:35:00,2026-01-10 12:35:00,138.94,136.67,-0.6052143701264145,max_hold_time,trend_following,False,432,0,11.0,0.026995372924048553,0.07671348333418437,-0.6819278534605989,SOL
SOL,balanced,short,2026-01-11 06:55:00,2026-01-11 12:40:00,136.15,136.84671,-1.0,stop,trend_following,False,69,0,11.0,0.005117223650385574,0.25422165998374324,-1.2542216599837432,SOL
SOL,balanced,long,2026-01-13 08:25:00,2026-01-13 14:25:00,140.64,143.2,0.8655022956096057,target_1r_full_close,breakout,True,72,0,11.0,0.021031143344709888,0.06215889958267794,0.8033433960269277,SOL
SOL,balanced,long,2026-01-13 14:30:00,2026-01-13 22:05:00,143.17,145.77,0.8034079681192625,target_1r_full_close,breakout,True,91,0,11.0,0.0226039942580942,0.059616709427061015,0.7437912586922015,SOL
SOL,balanced,long,2026-01-13 23:25:00,2026-01-15 11:25:00,146.04,145.58,-0.11085212497730626,max_hold_time,trend_following,False,432,0,11.0,0.02841462865262341,0.07288179325609072,-0.18373391823339696,SOL
SOL,balanced,short,2026-01-15 20:10:00,2026-01-16 21:25:00,141.67,145.07296686485248,-1.0,stop,trend_following,False,303,0,11.0,0.02402037739007897,0.07482283471595441,-1.0748228347159543,SOL
SOL,balanced,long,2026-01-16 22:55:00,2026-01-18 10:55:00,144.92,142.43,-0.849703538264246,max_hold_time,trend_following,False,432,0,11.0,0.020221044970059165,0.10241355449114714,-0.9521170927553932,SOL
SOL,balanced,short,2026-01-18 12:55:00,2026-01-18 19:00:00,142.24,143.18304,-1.0,stop,trend_following,False,73,0,11.0,0.006629921259842493,0.19749766069243582,-1.197497660692436,SOL
SOL,balanced,short,2026-01-19 14:55:00,2026-01-20 06:15:00,133.51,131.35,0.9733844029074867,target_1r_full_close,trend_following,False,184,0,11.0,0.016620939636144968,0.09294591753940058,0.8804384853680861,SOL
SOL,balanced,short,2026-01-20 10:10:00,2026-01-20 16:30:00,129.28,126.91,0.8821114765706323,target_1r_full_close,trend_following,False,76,0,11.0,0.02078229619171059,0.06331146296925508,0.8188000136013772,SOL
SOL,balanced,short,2026-01-21 09:25:00,2026-01-21 12:10:00,127.62,126.6,0.8103277060576101,target_1r_full_close,trend_following,False,33,0,11.0,0.009863265945776462,0.12415212783244639,0.6861755782251637,SOL
SOL,balanced,short,2026-01-21 12:40:00,2026-01-21 14:20:00,127.12,128.87875,-1.0,stop,trend_following,False,20,0,11.0,0.013835352422907427,0.0865153022764967,-1.0865153022764966,SOL
SOL,balanced,short,2026-01-21 17:40:00,2026-01-21 19:25:00,126.55,128.87875,-1.0,stop,trend_following,False,21,0,11.0,0.018401817463453176,0.06516154784560584,-1.0651615478456058,SOL
SOL,balanced,short,2026-01-23 02:55:00,2026-01-23 14:35:00,128.19,125.6,0.982413549359546,target_1r_full_close,breakout,True,140,0,11.0,0.020566068261678082,0.07057815490284265,0.9118353944567033,SOL
SOL,balanced,short,2026-01-23 15:25:00,2026-01-23 16:45:00,126.48,128.84117334080526,-1.0,stop,trend_following,False,16,0,11.0,0.018668353421926402,0.06366307845280807,-1.063663078452808,SOL
SOL,balanced,short,2026-01-23 21:25:00,2026-01-25 09:25:00,127.42,126.51,0.3126932856848327,max_hold_time,trend_following,False,432,0,11.0,0.022839428661120615,0.09067254359275562,0.22202074209207706,SOL
SOL,balanced,long,2026-01-27 18:50:00,2026-01-27 20:25:00,125.26,127.28,0.8925730849446761,target_1r_full_close,trend_following,False,19,0,11.0,0.018067379849912187,0.06613291438903866,0.8264401705556375,SOL
SOL,balanced,long,2026-01-27 20:40:00,2026-01-29 02:40:00,126.75,123.69,-1.0268522484266887,reversal,trend_following,False,360,0,11.0,0.023510696764124723,0.08158762104867928,-1.1084398694753679,SOL
SOL,balanced,short,2026-01-29 08:55:00,2026-01-29 14:40:00,123.3,121.27,0.8472377647361459,target_1r_full_close,trend_following,False,69,0,11.0,0.019432454323806535,0.06694517682799121,0.7802925879081547,SOL
SOL,balanced,short,2026-01-29 16:40:00,2026-01-29 19:20:00,118.01,115.5,0.8235291461254022,target_1r_full_close,trend_following,False,32,0,11.0,0.025827117413612384,0.047331036710273916,0.7761981094151282,SOL
SOL,balanced,short,2026-01-29 19:40:00,2026-01-30 02:15:00,116.57,113.6,0.8104158326626478,target_1r_full_close,trend_following,False,79,0,11.0,0.031438494144738774,0.04205421563877508,0.7683616170238727,SOL
SOL,balanced,short,2026-02-01 11:10:00,2026-02-01 14:35:00,104.19,101.9,0.928422290243455,target_1r_full_close,trend_following,False,41,0,11.0,0.02367357711872539,0.052443073781745245,0.8759792164617097,SOL
SOL,balanced,short,2026-02-03 15:55:00,2026-02-03 16:25:00,102.56,100.36,0.8013988051872378,target_1r_full_close,trend_following,False,6,0,11.0,0.026766770670826803,0.044084511146728886,0.757314294040509,SOL
SOL,balanced,short,2026-02-03 16:30:00,2026-02-03 18:45:00,100.5,97.12,0.9130826612611692,target_1r_full_close,breakout,True,27,0,11.0,0.03683329256254504,0.03290007755240575,0.8801825837087635,SOL
SOL,balanced,short,2026-02-03 19:10:00,2026-02-04 11:05:00,99.05,95.31,0.8938704999654936,target_1r_full_close,trend_following,False,191,0,11.0,0.04224180988725951,0.03692306210031469,0.8569474378651789,SOL
SOL,balanced,short,2026-02-04 11:25:00,2026-02-04 15:00:00,96.28,93.08,0.8010771073347295,target_1r_full_close,trend_following,False,43,0,11.0,0.041489631331306245,0.03002575669592856,0.7710513506388009,SOL
SOL,balanced,short,2026-02-04 17:10:00,2026-02-05 13:25:00,92.2,88.45,0.836604603195546,target_1r_full_close,trend_following,False,243,0,11.0,0.048616097781082716,0.03435076191264827,0.8022538412828977,SOL
SOL,balanced,short,2026-02-05 14:10:00,2026-02-05 15:20:00,89.46,85.0,1.0975948890469336,target_1r_full_close,trend_following,False,14,0,11.0,0.04542175273865427,0.02607214281351641,1.0715227462334171,SOL
SOL,balanced,long,2026-02-08 12:10:00,2026-02-08 16:45:00,87.88,86.54337,-1.0,stop,trend_following,False,55,0,11.0,0.0152097177969959,0.08357894197505761,-1.0835789419750577,SOL
SOL,balanced,long,2026-02-08 20:10:00,2026-02-09 07:40:00,87.61,85.68423,-1.0,stop,trend_following,False,138,0,11.0,0.021981166533500743,0.06584148867017538,-1.0658414886701755,SOL
SOL,balanced,short,2026-02-09 14:05:00,2026-02-09 17:30:00,83.77,86.81395553385484,-1.0,stop,trend_following,False,41,0,11.0,0.03633706021075375,0.034166637155411156,-1.0341666371554112,SOL
SOL,balanced,short,2026-02-10 11:25:00,2026-02-10 21:30:00,84.38,82.01,0.8708083540769005,target_1r_full_close,trend_following,False,121,0,11.0,0.03225419729757464,0.0437528210109336,0.8270555330659669,SOL
SOL,balanced,short,2026-02-10 21:55:00,2026-02-11 14:55:00,82.46,79.95,0.8760173667825351,target_1r_full_close,trend_following,False,204,0,11.0,0.03474702886247878,0.04568081874150476,0.8303365480410303,SOL
SOL,balanced,short,2026-02-11 15:40:00,2026-02-12 17:10:00,80.13,77.83,0.8062911091713988,target_1r_full_close,trend_following,False,306,0,11.0,0.03559924786259859,0.05066501322156603,0.7556260959498328,SOL
SOL,balanced,short,2026-02-12 18:10:00,2026-02-13 14:30:00,78.34,81.13740360638543,-1.0,stop,trend_following,False,244,0,11.0,0.03570849637969658,0.04682698465768948,-1.0468269846576894,SOL
SOL,balanced,long,2026-02-13 19:25:00,2026-02-14 11:55:00,84.79,87.29,0.8139821821312035,target_1r_full_close,trend_following,False,198,0,11.0,0.036222671308217484,0.04346850736511674,0.7705136747660868,SOL
SOL,balanced,long,2026-02-15 01:05:00,2026-02-15 06:35:00,88.68,89.94,0.8529131044006214,target_1r_full_close,trend_following,False,66,0,11.0,0.01665866035182675,0.07771005754394276,0.7752030468566786,SOL
SOL,balanced,short,2026-02-16 06:55:00,2026-02-16 15:30:00,85.06,82.69,0.9052102466690447,target_1r_full_close,trend_following,False,103,0,11.0,0.030780346627694584,0.044607369749206156,0.8606028769198385,SOL
SOL,balanced,short,2026-02-16 16:10:00,2026-02-17 00:45:00,83.75,86.75742503967261,-1.0,stop,trend_following,False,103,0,11.0,0.03590955271250879,0.03823579519418574,-1.0382357951941859,SOL
SOL,balanced,long,2026-02-17 06:45:00,2026-02-17 14:40:00,86.6,83.91718912121694,-1.0,stop,trend_following,False,95,0,11.0,0.03097934040165195,0.0437730625790953,-1.0437730625790953,SOL
SOL,balanced,short,2026-02-17 15:55:00,2026-02-18 18:20:00,83.81,81.66,0.8058193665983853,target_1r_full_close,trend_following,False,317,0,11.0,0.03183500471330386,0.057388705088088326,0.7484306615102969,SOL
SOL,balanced,short,2026-02-18 20:40:00,2026-02-20 08:40:00,81.5,83.34,-0.7239667387869144,max_hold_time,trend_following,False,432,0,11.0,0.031184702151364263,0.06640785218525787,-0.7903745909721723,SOL
SOL,balanced,long,2026-02-20 10:40:00,2026-02-20 13:35:00,84.34,82.34714995099216,-1.0,stop,trend_following,False,35,0,11.0,0.023628765105618236,0.05200389750777575,-1.0520038975077757,SOL
SOL,balanced,long,2026-02-20 16:25:00,2026-02-21 13:55:00,84.0,85.85,0.8002526202866144,target_1r_full_close,trend_following,False,258,0,11.0,0.027521071428571547,0.0618369159876314,0.738415704298983,SOL
SOL,balanced,short,2026-02-22 18:10:00,2026-02-23 00:35:00,83.18,81.93,0.856807789335476,target_1r_full_close,trend_following,False,77,0,11.0,0.017539115615732175,0.07513940934950458,0.7816683799859714,SOL
SOL,balanced,short,2026-02-23 23:15:00,2026-02-24 04:10:00,78.21,76.22,0.8252303779236688,target_1r_full_close,trend_following,False,59,0,11.0,0.03083298587186831,0.041504153214838385,0.7837262247088305,SOL
SOL,balanced,short,2026-02-24 04:25:00,2026-02-24 23:30:00,76.8,79.45428378299448,-1.0,stop,trend_following,False,229,0,11.0,0.034560986757740664,0.04746111683097849,-1.0474611168309784,SOL
SOL,balanced,long,2026-02-25 04:55:00,2026-02-25 13:45:00,81.96,84.41,0.9388939547628227,target_1r_full_close,trend_following,False,106,0,11.0,0.03183813294339492,0.04332521451073675,0.8955687402520859,SOL
SOL,balanced,long,2026-02-27 05:25:00,2026-02-27 10:50:00,87.54,84.85407503725651,-1.0,stop,trend_following,False,65,0,11.0,0.03068225911290266,0.042122851438952405,-1.0421228514389524,SOL
SOL,balanced,short,2026-02-27 15:10:00,2026-02-28 06:15:00,82.8,80.16,0.913073122446181,target_1r_full_close,trend_following,False,181,0,11.0,0.034919501173788885,0.04405804197568718,0.8690150804704938,SOL
SOL,balanced,short,2026-02-28 06:20:00,2026-02-28 06:35:00,80.22,78.41,0.8488606039572896,target_1r_full_close,breakout,True,3,0,11.0,0.026580279232111585,0.04439381504218527,0.8044667889151043,SOL
SOL,balanced,short,2026-02-28 07:40:00,2026-02-28 18:35:00,79.22,82.00467183227693,-1.0,stop,trend_following,False,131,0,11.0,0.0351511213364924,0.04075045654196985,-1.0407504565419698,SOL
SOL,balanced,long,2026-03-01 15:25:00,2026-03-01 16:45:00,86.15,84.62528999999999,-1.0,stop,trend_following,False,16,0,11.0,0.017698316889146987,0.06715242222912478,-1.0671524222291249,SOL
SOL,balanced,short,2026-03-02 13:25:00,2026-03-02 15:05:00,83.37,86.23939109876528,-1.0,stop,trend_following,False,20,0,11.0,0.03441754946341942,0.03477788847930305,-1.034777888479303,SOL
SOL,balanced,long,2026-03-02 17:10:00,2026-03-03 08:35:00,88.39,84.72720948051396,-1.0,stop,trend_following,False,185,0,11.0,0.04143896956087835,0.03733127810277788,-1.037331278102778,SOL
SOL,balanced,long,2026-03-04 00:40:00,2026-03-04 08:50:00,86.37,89.09,0.8146650299020718,target_1r_full_close,trend_following,False,98,0,11.0,0.03865688987786141,0.0352440210976335,0.7794210088044383,SOL
SOL,balanced,long,2026-03-04 13:35:00,2026-03-04 15:55:00,89.96,92.94,0.8166745295901666,target_1r_full_close,trend_following,False,28,0,11.0,0.04056185481931466,0.029928103617227652,0.786746425972939,SOL
SOL,balanced,short,2026-03-06 17:55:00,2026-03-08 04:50:00,84.21,81.93,0.829396389133726,target_1r_full_close,trend_following,False,419,0,11.0,0.03264442620504592,0.06259363606205738,0.7668027530716687,SOL
SOL,balanced,short,2026-03-08 05:10:00,2026-03-08 22:00:00,82.33,80.49,1.1402869193692302,target_1r_full_close,trend_following,False,202,0,11.0,0.019599525855463706,0.08076880607746978,1.0595181132917604,SOL
SOL,balanced,long,2026-03-09 18:55:00,2026-03-10 08:05:00,85.19,87.37,0.8289032423976365,target_1r_full_close,trend_following,False,158,0,11.0,0.030871948202941275,0.04825406417192166,0.7806491782257148,SOL
SOL,balanced,long,2026-03-10 08:55:00,2026-03-11 12:00:00,86.71,84.5,-0.8800230583823083,reversal,trend_following,False,325,0,11.0,0.028962032447951605,0.06366747213798561,-0.943690530520294,SOL
SOL,balanced,long,2026-03-11 18:40:00,2026-03-13 00:20:00,87.33,89.99,0.9044155459174127,target_1r_full_close,trend_following,False,356,0,11.0,0.03367829972484384,0.05670407904494723,0.8477114668724655,SOL
SOL,balanced,long,2026-03-13 14:40:00,2026-03-13 17:40:00,91.71,89.02026792163704,-1.0,stop,trend_following,False,36,0,11.0,0.029328667303052572,0.04196948597050559,-1.0419694859705055,SOL
SOL,balanced,long,2026-03-15 06:55:00,2026-03-15 21:30:00,88.35,89.53,0.84487769286384,target_1r_full_close,trend_following,False,175,0,11.0,0.015808170442183498,0.09651702461950626,0.7483606682443337,SOL
SOL,balanced,long,2026-03-16 18:55:00,2026-03-16 21:45:00,94.38,96.67,0.8576943324487685,target_1r_full_close,trend_following,False,34,0,11.0,0.02828935001054756,0.0433614298741155,0.814332902574653,SOL
SOL,balanced,long,2026-03-16 22:25:00,2026-03-17 04:20:00,96.5,93.7617245112767,-1.0,stop,trend_following,False,71,0,11.0,0.028375911800241484,0.045995051166616896,-1.045995051166617,SOL
SOL,balanced,long,2026-03-17 19:40:00,2026-03-18 11:30:00,94.98,93.05685000000001,-1.0,stop,trend_following,False,190,0,11.0,0.020247946936197015,0.07692512048178564,-1.0769251204817856,SOL
SOL,balanced,short,2026-03-18 17:25:00,2026-03-19 15:40:00,89.49,87.48,0.8101552149914396,target_1r_full_close,trend_following,False,267,0,11.0,0.027723835764327496,0.062073268127038894,0.7480819468644007,SOL
SOL,balanced,short,2026-03-19 15:45:00,2026-03-20 08:05:00,87.65,90.07392984605045,-1.0,stop,breakout,True,196,0,11.0,0.027654647416434013,0.056782608964664076,-1.0567826089646641,SOL
SOL,balanced,short,2026-03-20 14:55:00,2026-03-21 04:00:00,88.92,90.54045,-1.0,stop,trend_following,False,157,0,11.0,0.018223684210526375,0.08162870583087163,-1.0816287058308716,SOL
SOL,balanced,short,2026-03-22 01:55:00,2026-03-22 21:10:00,87.45,85.88,0.8921131741379095,target_1r_full_close,trend_following,False,231,0,11.0,0.02012425843130568,0.081719555538363,0.8103936185995465,SOL
SOL,balanced,short,2026-03-22 22:25:00,2026-03-23 11:05:00,86.51,88.22471873905637,-1.0,stop,trend_following,False,152,0,11.0,0.019821046573302113,0.07451522256948309,-1.0745152225694832,SOL
SOL,balanced,long,2026-03-25 01:10:00,2026-03-25 11:30:00,91.22,93.29,0.8583693509318361,target_1r_full_close,trend_following,False,124,0,11.0,0.026436628934455184,0.053621653543285686,0.8047476973885503,SOL
SOL,balanced,long,2026-03-25 12:40:00,2026-03-26 05:05:00,92.67,90.58295876503918,-1.0,stop,trend_following,False,197,0,11.0,0.022521217599663555,0.06981968161649187,-1.0698196816164918,SOL
SOL,balanced,short,2026-03-26 08:55:00,2026-03-26 14:50:00,88.88,87.33,0.8385997150705411,target_1r_full_close,trend_following,False,71,0,11.0,0.02079567117778648,0.06276073053826951,0.7758389845322716,SOL
SOL,balanced,short,2026-03-26 15:25:00,2026-03-26 18:25:00,87.47,85.88,0.8330009420429915,target_1r_full_close,trend_following,False,36,0,11.0,0.021821897185051054,0.05640706124086759,0.7765938808021239,SOL
SOL,balanced,short,2026-03-26 23:40:00,2026-03-27 08:35:00,86.38,84.49,0.970106352400116,target_1r_full_close,trend_following,False,107,0,11.0,0.0225542949756888,0.06125286350135449,0.9088534888987615,SOL
SOL,balanced,short,2026-03-27 09:25:00,2026-03-27 10:35:00,85.17,83.42,0.8693396138683562,target_1r_full_close,trend_following,False,14,0,11.0,0.0236353442133662,0.05010472509102341,0.8192348887773329,SOL
SOL,balanced,short,2026-03-27 13:25:00,2026-03-29 01:25:00,83.45,82.4,0.4697071653438513,max_hold_time,trend_following,False,432,0,11.0,0.026787721350307502,0.0773081466626992,0.3923990186811521,SOL
SOL,balanced,short,2026-03-29 01:30:00,2026-03-29 22:40:00,82.35,80.59,1.1292349767976602,target_1r_full_close,trend_following,False,254,0,11.0,0.018926257424830516,0.08947005714461781,1.0397649196530423,SOL
SOL,balanced,short,2026-03-29 23:10:00,2026-03-30 02:10:00,81.23,82.92284000000001,-1.0,stop,trend_following,False,36,0,11.0,0.020840083712913994,0.05906449839001042,-1.0590644983900104,SOL
SOL,balanced,short,2026-03-30 23:55:00,2026-03-31 09:55:00,82.54,80.55,0.9741363473228474,target_1r_full_close,trend_following,False,120,0,11.0,0.024749638715299723,0.05693379710710031,0.917202550215747,SOL
SOL,balanced,long,2026-04-01 17:55:00,2026-04-01 21:35:00,84.44,82.3176,-1.0,stop,trend_following,False,44,0,11.0,0.02513500710563713,0.049647043369998534,-1.0496470433699985,SOL
SOL,balanced,short,2026-04-02 13:55:00,2026-04-03 07:30:00,77.74,79.74967,-1.0,stop,trend_following,False,211,0,11.0,0.02585117056856187,0.061974803340997794,-1.0619748033409977,SOL
SOL,balanced,long,2026-04-04 21:25:00,2026-04-05 06:10:00,80.97,79.77861157231258,-1.0,stop,trend_following,False,105,0,11.0,0.014713948717888283,0.09360320289809945,-1.0936032028980995,SOL
SOL,balanced,short,2026-04-05 12:10:00,2026-04-05 12:45:00,79.68,78.85,0.8799865934074015,target_1r_full_close,trend_following,False,7,0,11.0,0.011837301550620656,0.09968488130118895,0.7803017121062126,SOL
SOL,balanced,short,2026-04-05 13:55:00,2026-04-05 22:45:00,79.21,80.34431201276469,-1.0,stop,trend_following,False,106,0,11.0,0.014320313252931392,0.09632428530231874,-1.0963242853023187,SOL
SOL,balanced,short,2026-04-07 03:55:00,2026-04-07 14:05:00,79.8,78.49,0.8230112163121461,target_1r_full_close,trend_following,False,122,0,11.0,0.019946313944310196,0.0708568679546175,0.7521543483575286,SOL
SOL,balanced,short,2026-04-07 14:25:00,2026-04-07 19:15:00,78.97,80.50227908080953,-1.0,stop,trend_following,False,58,0,11.0,0.019403306075845644,0.0658431997403864,-1.0658431997403863,SOL
SOL,balanced,long,2026-04-09 18:10:00,2026-04-11 06:10:00,83.99,83.98,-0.0051016028100705334,max_hold_time,trend_following,False,432,0,11.0,0.023338115000930314,0.08873506240013555,-0.09383666521020609,SOL
SOL,balanced,long,2026-04-11 20:10:00,2026-04-12 01:30:00,85.68,84.20549211856921,-1.0,stop,trend_following,False,64,0,11.0,0.01720947574032208,0.07497631245557525,-1.0749763124555753,SOL
SOL,balanced,short,2026-04-12 13:00:00,2026-04-13 13:45:00,82.08,83.54986261505192,-1.0,stop,breakout,True,297,0,11.0,0.017907682931919144,0.0996525045328244,-1.0996525045328245,SOL
SOL,balanced,long,2026-04-14 09:55:00,2026-04-14 18:45:00,86.08,84.34258487042551,-1.0,stop,trend_following,False,106,0,11.0,0.020183725947659,0.06834188806224491,-1.0683418880622448,SOL
SOL,balanced,short,2026-04-15 06:40:00,2026-04-15 17:05:00,83.07,84.84534727546115,-1.0,stop,trend_following,False,125,0,11.0,0.02137170188348571,0.06642882150597443,-1.0664288215059745,SOL
SOL,balanced,long,2026-04-15 22:05:00,2026-04-16 18:10:00,85.38,86.83,0.8125253278434483,target_1r_full_close,trend_following,False,241,0,11.0,0.020901379187342074,0.07969606028516829,0.73282926755828,SOL
SOL,balanced,long,2026-04-17 15:10:00,2026-04-18 08:35:00,89.88,87.39291147555296,-1.0,stop,trend_following,False,209,0,11.0,0.027671211887483664,0.05774516831341044,-1.0577451683134105,SOL
SOL,balanced,short,2026-04-19 01:55:00,2026-04-19 07:20:00,85.76,84.7,0.8110300081103045,target_1r_full_close,breakout,True,65,0,11.0,0.015239972014925324,0.08480489604301779,0.7262251120672867,SOL
SOL,balanced,short,2026-04-19 07:55:00,2026-04-19 13:15:00,84.88,86.3564125459786,-1.0,stop,trend_following,False,64,0,11.0,0.017394115763178657,0.07418043250203345,-1.0741804325020334,SOL
SOL,balanced,short,2026-04-21 02:55:00,2026-04-21 14:30:00,85.27,86.30622,-1.0,stop,breakout,True,139,0,11.0,0.012152222352527269,0.1192698666423358,-1.1192698666423357,SOL
SOL,balanced,long,2026-04-21 15:55:00,2026-04-21 17:15:00,86.05,84.915,-1.0,stop,trend_following,False,16,0,11.0,0.013190005810575141,0.09010495260979914,-1.0901049526097992,SOL
SOL,balanced,short,2026-04-21 19:55:00,2026-04-22 00:50:00,84.57,86.4269181828734,-1.0,stop,trend_following,False,59,0,11.0,0.021957173736235076,0.05828149765855954,-1.0582814976585595,SOL
SOL,balanced,long,2026-04-22 10:55:00,2026-04-23 00:10:00,88.33,86.5295086154606,-1.0,stop,trend_following,False,159,0,11.0,0.020383690530277353,0.07318685395082297,-1.073186853950823,SOL
SOL,balanced,short,2026-04-23 08:55:00,2026-04-24 20:55:00,85.69,86.85,-0.7672079101393228,max_hold_time,trend_following,False,432,0,11.0,0.017644720141184754,0.11736706926143628,-0.884574979400759,SOL
SOL,balanced,long,2026-04-24 21:10:00,2026-04-26 09:10:00,86.59,86.52,-0.049112272839034125,max_hold_time,trend_following,False,432,0,11.0,0.01646039555119086,0.12581162369207263,-0.17492389653110677,SOL
SOL,balanced,long,2026-04-26 15:40:00,2026-04-26 22:15:00,86.51,87.13,0.8202794242167458,target_1r_full_close,breakout,True,79,0,11.0,0.008737024621431121,0.15132396546968288,0.668955458747063,SOL
SOL,balanced,long,2026-04-26 22:20:00,2026-04-27 02:50:00,87.08,87.98,0.9001834438477362,target_1r_full_close,trend_following,False,54,0,11.0,0.01148135295176041,0.11053496172646816,0.789648482121268,SOL
SOL,balanced,short,2026-04-27 20:55:00,2026-04-28 14:25:00,84.29,83.16,0.8004910808737464,target_1r_full_close,trend_following,False,210,0,11.0,0.016747342119520413,0.09553754790350091,0.7049535329702455,SOL
SOL,balanced,short,2026-04-28 14:30:00,2026-04-29 03:15:00,83.17,84.45202756720523,-1.0,stop,breakout,True,153,0,11.0,0.01541454331135305,0.09595424783045864,-1.0959542478304587,SOL
SOL,balanced,long,2026-05-01 12:55:00,2026-05-03 00:55:00,84.27,84.08,-0.16767832286282566,max_hold_time,trend_following,False,432,0,11.0,0.01344632752487952,0.15401298883113784,-0.3216913116939635,SOL
SOL,balanced,long,2026-05-03 13:10:00,2026-05-03 22:45:00,84.21,84.8,0.8268168950923639,target_1r_full_close,breakout,True,115,0,11.0,0.008473815461346554,0.16503602832325764,0.6617808667691063,SOL
SOL,balanced,long,2026-05-03 22:50:00,2026-05-04 00:00:00,84.63,83.81936168115598,-1.0,stop,trend_following,False,14,0,11.0,0.00957861655257017,0.12363397341807822,-1.1236339734180782,SOL
SOL,balanced,long,2026-05-05 03:25:00,2026-05-05 13:05:00,84.71,85.95,0.9163049853141392,target_1r_full_close,breakout,True,116,0,11.0,0.015975223910635862,0.08767364191205958,0.8286313434020796,SOL
SOL,balanced,long,2026-05-05 18:55:00,2026-05-05 22:00:00,85.87,86.89,0.8243313537177596,target_1r_full_close,breakout,True,37,0,11.0,0.014409764732571445,0.08556907943425297,0.7387622742835066,SOL
SOL,balanced,long,2026-05-05 22:10:00,2026-05-06 07:20:00,86.64,87.78,0.8722543332271636,target_1r_full_close,trend_following,False,110,0,11.0,0.015084929057515344,0.09200432979082152,0.7802500034363421,SOL
SOL,balanced,long,2026-05-07 08:40:00,2026-05-07 21:05:00,89.62,87.73663847174106,-1.0,stop,trend_following,False,149,0,11.0,0.021014969072293513,0.06997897810589368,-1.0699789781058937,SOL
SOL,balanced,long,2026-05-08 16:10:00,2026-05-08 17:30:00,89.49,91.61,1.2686351195034506,target_1r_full_close,breakout,True,16,0,11.0,0.01867345257794605,0.06364569398850685,1.2049894255149438,SOL
SOL,balanced,long,2026-05-08 20:55:00,2026-05-09 01:50:00,92.11,93.72,0.8302829464650024,target_1r_full_close,trend_following,False,59,0,11.0,0.02105198131458747,0.06078748363747759,0.7694954628275249,SOL
SOL,balanced,long,2026-05-09 11:55:00,2026-05-10 17:00:00,93.62,95.14,0.8763662994509638,target_1r_full_close,trend_following,False,349,0,11.0,0.01852632518092273,0.10227870159591515,0.7740875978550487,SOL
SOL,balanced,long,2026-05-11 15:40:00,2026-05-11 16:05:00,95.92,97.5,0.9972040418320789,target_1r_full_close,trend_following,False,5,0,11.0,0.016518244370308566,0.07143616316277789,0.925767878669301,SOL
SOL,balanced,long,2026-05-11 17:10:00,2026-05-12 11:15:00,97.18,94.70028952232512,-1.0,stop,trend_following,False,217,0,11.0,0.025516675012089783,0.06328600744741902,-1.063286007447419,SOL
SOL,balanced,short,2026-05-12 23:40:00,2026-05-13 12:35:00,94.41,92.61,0.9980419596389873,target_1r_full_close,breakout,True,155,0,11.0,0.019103181731263456,0.07764849616154637,0.920393463477441,SOL
SOL,balanced,short,2026-05-13 17:10:00,2026-05-14 16:05:00,91.02,93.24710447761919,-1.0,stop,trend_following,False,275,0,11.0,0.024468297930336114,0.07102573267771696,-1.071025732677717,SOL
SOL,balanced,short,2026-05-15 05:25:00,2026-05-15 13:35:00,91.36,89.32,1.0554370927635448,target_1r_full_close,breakout,True,98,0,11.0,0.021156397750561162,0.06439774192599045,0.9910393508375543,SOL
SOL,balanced,short,2026-05-15 16:25:00,2026-05-16 07:05:00,89.45,87.68,0.8809216983067125,target_1r_full_close,trend_following,False,176,0,11.0,0.022462371934875405,0.0680194768526017,0.8129022214541108,SOL
SOL,balanced,short,2026-05-16 14:05:00,2026-05-17 23:40:00,86.1,84.52,1.0026420018456486,target_1r_full_close,trend_following,False,403,0,11.0,0.01830239996164231,0.10978854923972672,0.8928534526059219,SOL
SOL,balanced,short,2026-05-19 10:55:00,2026-05-20 16:00:00,84.7,86.05597,-1.0,stop,trend_following,False,349,0,11.0,0.0160090909090909,0.11836077985992816,-1.1183607798599282,SOL
SOL,balanced,long,2026-05-20 17:55:00,2026-05-22 05:55:00,86.52,86.81,0.1639539653348975,max_hold_time,trend_following,False,432,0,11.0,0.020443702965729896,0.10129814028214892,0.06265582505274858,SOL
SOL,balanced,long,2026-05-22 08:40:00,2026-05-22 12:50:00,87.15,87.7,0.8506163101810952,target_1r_full_close,trend_following,False,50,0,11.0,0.0074192771084337725,0.16990955347564551,0.6807067567054497,SOL
SOL,balanced,long,2026-05-22 13:10:00,2026-05-22 15:20:00,87.71,86.43348,-1.0,stop,breakout,True,26,0,11.0,0.014553870710295187,0.0831185733181791,-1.0831185733181792,SOL
SOL,balanced,short,2026-05-22 22:20:00,2026-05-23 07:45:00,85.03,82.47,1.4257559198153227,target_1r_full_close,trend_following,False,113,0,11.0,0.021116532383252104,0.06602610688809034,1.3597298129272324,SOL
SOL,balanced,short,2026-05-23 12:10:00,2026-05-23 14:40:00,82.29,83.93215420027632,-1.0,stop,trend_following,False,30,0,11.0,0.019955695713650613,0.06104431715445159,-1.0610443171544517,SOL
SOL,balanced,long,2026-05-24 04:55:00,2026-05-24 21:35:00,85.93,84.19431052300337,-1.0,stop,trend_following,False,200,0,11.0,0.020198876725202375,0.0781621621967724,-1.0781621621967723,SOL
SOL,balanced,short,2026-05-25 03:10:00,2026-05-26 15:10:00,84.94,85.29,-0.19448532228122317,max_hold_time,trend_following,False,432,0,11.0,0.021186975130229515,0.09774444337522839,-0.29222976565645153,SOL
SOL,balanced,short,2026-05-27 02:40:00,2026-05-27 21:45:00,83.7,82.41,0.8726570608366405,target_1r_full_close,breakout,True,229,0,11.0,0.017661217758499884,0.09287598696378653,0.779781073872854,SOL
SOL,balanced,short,2026-05-28 11:55:00,2026-05-28 18:00:00,80.88,82.52342660922572,-1.0,stop,trend_following,False,73,0,11.0,0.020319320094284464,0.06444083430538866,-1.0644408343053886,SOL
SOL,balanced,short,2026-05-29 03:55:00,2026-05-29 15:35:00,81.61,83.09301,-1.0,stop,breakout,True,140,0,11.0,0.018171915206469883,0.07987683934373399,-1.079876839343734,SOL
SOL,balanced,short,2026-05-29 22:10:00,2026-05-31 10:10:00,81.69,82.73,-0.6367710807964573,max_hold_time,breakout,True,432,0,11.0,0.019993144815766934,0.10358095787291736,-0.7403520386693746,SOL
SOL,balanced,short,2026-06-02 04:55:00,2026-06-02 07:00:00,80.44,79.24,0.9290442457322022,target_1r_full_close,trend_following,False,25,0,11.0,0.016057309796121386,0.07520411407067984,0.8538401316615224,SOL
SOL,balanced,short,2026-06-02 07:40:00,2026-06-02 14:20:00,79.8,77.71,1.1331365863559042,target_1r_full_close,trend_following,False,80,0,11.0,0.023113256165086995,0.05729363334979678,1.0758429530061073,SOL
SOL,balanced,short,2026-06-02 16:10:00,2026-06-02 19:30:00,77.27,74.96,1.0741680165122292,target_1r_full_close,trend_following,False,40,0,11.0,0.027831002516600582,0.04453285283757451,1.0296351636746546,SOL
SOL,balanced,short,2026-06-03 14:55:00,2026-06-03 15:55:00,74.46,73.31,0.8674597008395432,target_1r_full_close,trend_following,False,12,0,11.0,0.017804324469513844,0.06627603321993494,0.8011836676196082,SOL
SOL,balanced,short,2026-06-03 16:55:00,2026-06-04 00:25:00,73.01,70.51,1.0152249737733001,target_1r_full_close,trend_following,False,90,0,11.0,0.033728371107800026,0.03989088418039244,0.9753340895929077,SOL
SOL,balanced,short,2026-06-04 00:40:00,2026-06-04 01:50:00,71.22,68.49,0.9715729224267828,target_1r_full_close,trend_following,False,14,0,11.0,0.039453476263641075,0.030016174400677085,0.9415567480261058,SOL
SOL,balanced,short,2026-06-04 02:25:00,2026-06-05 05:40:00,69.32,66.73,0.817496359488613,target_1r_full_close,trend_following,False,327,0,11.0,0.045704123303598305,0.040437966743283094,0.7770583927453298,SOL
SOL,balanced,short,2026-06-05 12:05:00,2026-06-05 18:50:00,65.95,62.77,0.965388404734863,target_1r_full_close,trend_following,False,81,0,11.0,0.049947095900737384,0.026555370486396085,0.9388330342484669,SOL
SOL,balanced,short,2026-06-06 18:25:00,2026-06-07 06:35:00,62.04,64.92486,-1.0,stop,trend_following,False,146,0,11.0,0.04649999999999994,0.03148908439231024,-1.0314890843923101,SOL
SOL,balanced,long,2026-06-08 09:25:00,2026-06-08 21:05:00,66.03,68.14,0.9057327174838417,target_1r_full_close,trend_following,False,140,0,11.0,0.03528101753940948,0.04114153311745573,0.8645911843663859,SOL
SOL,balanced,long,2026-06-08 21:25:00,2026-06-09 00:35:00,67.8,65.71743584679136,-1.0,stop,trend_following,False,38,0,11.0,0.030716285445555113,0.04021161729795851,-1.0402116172979585,SOL
SOL,balanced,long,2026-06-09 06:55:00,2026-06-09 14:15:00,67.05,65.22471,-1.0,stop,trend_following,False,88,0,11.0,0.02722281879194624,0.04926793700029746,-1.0492679370002975,SOL
SOL,balanced,short,2026-06-09 17:10:00,2026-06-10 21:10:00,64.55,62.76,0.8590067576351695,target_1r_full_close,trend_following,False,336,0,11.0,0.03228198296663504,0.05784256590441307,0.8011641917307565,SOL
SOL,balanced,short,2026-06-10 21:40:00,2026-06-11 03:55:00,63.07,65.18591470961385,-1.0,stop,trend_following,False,75,0,11.0,0.033548671470015126,0.03915613662408229,-1.0391561366240822,SOL
SOL,balanced,long,2026-06-11 13:50:00,2026-06-11 17:45:00,65.59,67.14,0.8399559092579946,target_1r_full_close,trend_following,False,47,0,11.0,0.02813439480080825,0.04458039467784792,0.7953755145801467,SOL
SOL,balanced,long,2026-06-11 18:55:00,2026-06-12 15:05:00,66.8,68.52,0.8406697700686195,target_1r_full_close,trend_following,False,242,0,11.0,0.03062855821722987,0.054455021227232794,0.7862147488413868,SOL
SOL,balanced,long,2026-06-12 15:40:00,2026-06-13 21:40:00,67.75,69.28,0.9265620750079738,target_1r_full_close,trend_following,False,360,0,11.0,0.024372922699284854,0.07870134582743749,0.8478607291805363,SOL
SOL,balanced,long,2026-06-14 01:20:00,2026-06-14 12:50:00,69.03,67.76934371674737,-1.0,stop,trend_following,False,138,0,11.0,0.01826244072508517,0.07924859272970906,-1.079248592729709,SOL
SOL,balanced,long,2026-06-16 09:25:00,2026-06-16 14:25:00,74.94,73.00538846801345,-1.0,stop,trend_following,False,60,0,11.0,0.025815472804731086,0.049653097253491665,-1.0496530972534917,SOL
SOL,balanced,short,2026-06-18 10:55:00,2026-06-18 15:20:00,71.39,70.09,0.9540024070214475,target_1r_full_close,trend_following,False,53,0,11.0,0.01908782742681064,0.06637579377892527,0.8876266132425221,SOL
SOL,balanced,short,2026-06-18 18:25:00,2026-06-20 05:05:00,68.81,71.05433741095402,-1.0,stop,trend_following,False,416,0,11.0,0.03261644253675363,0.062452233859482086,-1.0624522338594822,SOL
SOL,balanced,long,2026-06-20 10:15:00,2026-06-20 22:10:00,71.59,73.37,1.0613054576750303,target_1r_full_close,trend_following,False,143,0,11.0,0.02342756989948313,0.06222919381454721,0.9990762638604831,SOL
SOL,balanced,long,2026-06-21 02:05:00,2026-06-21 16:50:00,73.18,74.55,0.8105193529431275,target_1r_full_close,trend_following,False,177,0,11.0,0.023097489212934346,0.06624096610220372,0.7442783868409237,SOL
SOL,balanced,long,2026-06-21 17:40:00,2026-06-21 21:05:00,74.2,72.67725,-1.0,stop,trend_following,False,41,0,11.0,0.020522237196765526,0.06049609209812781,-1.060496092098128,SOL
SOL,balanced,short,2026-06-23 00:55:00,2026-06-23 06:15:00,71.88,70.4,0.8046473537380638,target_1r_full_close,trend_following,False,64,0,11.0,0.025588690391202346,0.05042473884269786,0.754222614895366,SOL
SOL,balanced,short,2026-06-23 10:10:00,2026-06-24 15:45:00,68.99,67.42,0.8016329354316558,target_1r_full_close,trend_following,False,355,0,11.0,0.028388206480921312,0.06719606463542424,0.7344368707962315,SOL
SOL,balanced,short,2026-06-25 14:10:00,2026-06-26 06:15:00,65.89,68.46453838769791,-1.0,stop,trend_following,False,193,0,11.0,0.03907327952189882,0.04002580313390065,-1.0400258031339007,SOL
SOL,balanced,long,2026-06-26 14:40:00,2026-06-26 19:05:00,70.75,73.3,0.8363298189430982,target_1r_full_close,trend_following,False,53,0,11.0,0.04309591982790144,0.02939883176943882,0.8069309871736594,SOL
SOL,balanced,long,2026-06-26 19:55:00,2026-06-28 07:55:00,73.01,71.08,-0.6162926278527333,max_hold_time,trend_following,False,432,0,11.0,0.042893154604032445,0.04828064314752923,-0.6645732710002625,SOL
SOL,balanced,long,2026-06-28 12:10:00,2026-06-28 21:45:00,71.87,70.3033476947568,-1.0,stop,trend_following,False,115,0,11.0,0.02179841804985682,0.06415533665269964,-1.0641553366526997,SOL
SOL,balanced,long,2026-07-01 02:25:00,2026-07-01 14:10:00,74.5,76.3,0.8234466954254834,target_1r_full_close,breakout,True,141,0,11.0,0.02934139387494784,0.049542171371670995,0.7739045240538125,SOL
SOL,balanced,long,2026-07-01 16:55:00,2026-07-02 09:30:00,77.17,79.33,0.8701904799139287,target_1r_full_close,trend_following,False,199,0,11.0,0.032165545658566295,0.04901725229233817,0.8211732276215905,SOL
SOL,balanced,long,2026-07-02 12:40:00,2026-07-04 00:40:00,81.22,82.48,0.46823657273057145,max_hold_time,trend_following,False,432,0,11.0,0.03313158613251775,0.06250558251651435,0.4057309902140571,SOL
SOL,balanced,long,2026-07-04 00:45:00,2026-07-04 04:45:00,82.51,83.93,0.8030061682452595,target_1r_full_close,trend_following,False,48,0,11.0,0.021432008654257925,0.05862090001134976,0.7443852682339097,SOL
SOL,balanced,long,2026-07-04 05:10:00,2026-07-05 00:20:00,83.23,81.415761424604,-1.0,stop,trend_following,False,230,0,11.0,0.021797892291193128,0.07534784650201347,-1.0753478465020134,SOL
SOL,balanced,short,2026-07-05 10:25:00,2026-07-05 21:30:00,80.19,81.59393766663567,-1.0,stop,trend_following,False,133,0,11.0,0.017507640187500565,0.08205941242111904,-1.0820594124211191,SOL
SOL,balanced,long,2026-07-05 22:55:00,2026-07-06 05:25:00,81.82,80.34418071998911,-1.0,stop,trend_following,False,78,0,11.0,0.018037390369235906,0.0731813179722138,-1.0731813179722138,SOL
SOL,balanced,short,2026-07-06 09:40:00,2026-07-06 16:05:00,80.26,81.83983121464333,-1.0,stop,breakout,True,77,0,11.0,0.0196839174513247,0.06695205825454711,-1.066952058254547,SOL
SOL,balanced,long,2026-07-07 16:10:00,2026-07-08 00:55:00,81.96,80.37953999999999,-1.0,stop,trend_following,False,105,0,11.0,0.01928330893118597,0.07142304944590346,-1.0714230494459034,SOL
SOL,balanced,short,2026-07-08 10:55:00,2026-07-09 22:55:00,77.33,78.11,-0.4127204566146888,max_hold_time,trend_following,False,432,0,11.0,0.024439403242388403,0.0847364835536265,-0.4974569401683153,SOL
SOL,balanced,long,2026-07-10 10:25:00,2026-07-10 14:10:00,79.62,78.29396773748613,-1.0,stop,breakout,True,45,0,11.0,0.01665451221444206,0.07505473495141184,-1.075054734951412,SOL
SOL,balanced,short,2026-07-10 18:10:00,2026-07-12 00:10:00,77.68,76.42,0.8101648264941538,target_1r_full_close,trend_following,False,360,0,11.0,0.020021100421398912,0.09580801143835385,0.7143568150558,SOL
SOL,balanced,short,2026-07-12 23:55:00,2026-07-13 00:10:00,76.92,77.85778,-1.0,stop,trend_following,False,3,0,11.0,0.01219162766510665,0.0967877327304908,-1.096787732730491,SOL
SOL,balanced,short,2026-07-13 01:45:00,2026-07-13 03:15:00,76.77,75.76,0.9284965709977958,target_1r_full_close,trend_following,False,18,0,11.0,0.014169336980591498,0.08417664668156424,0.8443199243162316,SOL
SOL,balanced,short,2026-07-13 04:55:00,2026-07-13 17:55:00,75.92,74.59,0.8765588261967575,target_1r_full_close,trend_following,False,156,0,11.0,0.01998547038725913,0.07432672419867248,0.802232101998085,SOL
SOL,balanced,short,2026-07-13 20:55:00,2026-07-14 12:45:00,74.8,76.34137097283268,-1.0,stop,trend_following,False,190,0,11.0,0.020606563807923542,0.0755863894676533,-1.0755863894676534,SOL
SOL,balanced,long,2026-07-14 18:55:00,2026-07-15 06:30:00,77.29,78.62,0.8561124718155991,target_1r_full_close,trend_following,False,139,0,11.0,0.020100067218445036,0.07210891006692197,0.7840035617486771,SOL
SOL,balanced,long,2026-07-15 06:55:00,2026-07-16 07:35:00,77.94,76.73319000000001,-1.0,stop,trend_following,False,296,0,11.0,0.015483833718244678,0.11511517592209758,-1.1151151759220976,SOL
SOL,balanced,short,2026-07-16 10:10:00,2026-07-17 02:35:00,76.16,74.88,0.855510482187222,target_1r_full_close,trend_following,False,197,0,11.0,0.019645256299031088,0.08004091259943476,0.7754695695877872,SOL
SOL,balanced,short,2026-07-17 02:55:00,2026-07-17 13:05:00,75.0,73.84,0.8212937283945007,target_1r_full_close,trend_following,False,122,0,11.0,0.018832076919546806,0.07504925449122185,0.7462444739032787,SOL
SOL,balanced,short,2026-07-17 13:55:00,2026-07-19 01:50:00,74.33,75.69285023488462,-1.0,stop,trend_following,False,431,0,11.0,0.018335130295770462,0.11283191585854754,-1.1128319158585476,SOL
SOL,balanced,long,2026-07-19 03:10:00,2026-07-20 00:10:00,76.03,76.86,0.9381015120640007,target_1r_full_close,trend_following,False,252,0,11.0,0.011637059796170544,0.14514756636781617,0.7929539456961845,SOL
SOL,balanced,long,2026-07-20 21:55:00,2026-07-22 09:55:00,77.74,77.55,-0.12078317474795289,max_hold_time,trend_following,False,432,0,11.0,0.02023497275315419,0.10234306298170238,-0.22312623772965529,SOL
SOL,balanced,long,2026-07-23 00:10:00,2026-07-23 12:40:00,78.3,76.986326445892,-1.0,stop,breakout,True,150,0,11.0,0.016777440026922004,0.08778021380878451,-1.0877802138087844,SOL
SOL,balanced,short,2026-07-23 13:40:00,2026-07-23 15:10:00,76.99,75.94,0.8433306109836007,target_1r_full_close,trend_following,False,18,0,11.0,0.016171753574553235,0.07375373778908348,0.7695768731945173,SOL
SOL,balanced,short,2026-07-23 15:40:00,2026-07-24 11:30:00,76.32,75.21,0.8870379805744925,target_1r_full_close,trend_following,False,238,0,11.0,0.016396169584320643,0.10120619519456468,0.7858317853799278,SOL
